[0m11:11:46.660228 [debug] [MainThread]: Sending event: {'category': 'dbt', 'action': 'invocation', 'label': 'start', 'context': [<snowplow_tracker.self_describing_json.SelfDescribingJson object at 0x10a2cc2f0>, <snowplow_tracker.self_describing_json.SelfDescribingJson object at 0x10b3b7610>, <snowplow_tracker.self_describing_json.SelfDescribingJson object at 0x10b3b7890>]}


============================== 11:11:46.662590 | f04d15bb-e989-488a-b08c-c684058f0ab1 ==============================
[0m11:11:46.662590 [info ] [MainThread]: Running with dbt=1.11.6
[0m11:11:46.662826 [debug] [MainThread]: running dbt with arguments {'introspect': 'True', 'static_parser': 'True', 'log_cache_events': 'False', 'use_experimental_parser': 'False', 'log_path': '/Users/szabolcsszentes/Documents/projects/dbt_test_for_run/logs', 'fail_fast': 'False', 'warn_error_options': 'WarnErrorOptionsV2(error=[], warn=[], silence=[])', 'cache_selected_only': 'False', 'partial_parse': 'True', 'log_format': 'default', 'target_path': 'None', 'write_json': 'True', 'no_print': 'None', 'empty': 'None', 'debug': 'False', 'profiles_dir': '.', 'version_check': 'True', 'send_anonymous_usage_stats': 'True', 'quiet': 'False', 'use_colors': 'True', 'warn_error': 'None', 'printer_width': '80', 'indirect_selection': 'eager', 'invocation_command': 'dbt seed --profiles-dir . --target dev'}
[0m11:11:46.789345 [debug] [MainThread]: Sending event: {'category': 'dbt', 'action': 'project_id', 'label': 'f04d15bb-e989-488a-b08c-c684058f0ab1', 'context': [<snowplow_tracker.self_describing_json.SelfDescribingJson object at 0x10a6c56e0>]}
[0m11:11:46.809295 [debug] [MainThread]: Sending event: {'category': 'dbt', 'action': 'adapter_info', 'label': 'f04d15bb-e989-488a-b08c-c684058f0ab1', 'context': [<snowplow_tracker.self_describing_json.SelfDescribingJson object at 0x10b23fbd0>]}
[0m11:11:46.811229 [info ] [MainThread]: Registered adapter: duckdb=1.10.1
[0m11:11:46.852309 [debug] [MainThread]: checksum: c8b6b59961f1a44cdae45abf5547d0e7461bf6d514dde67ea6b1b10a452c5f5b, vars: {}, profile: , target: dev, version: 1.11.6
[0m11:11:46.891887 [debug] [MainThread]: Partial parsing enabled: 0 files deleted, 0 files added, 0 files changed.
[0m11:11:46.892031 [debug] [MainThread]: Nothing changed, skipping partial parsing.
[0m11:11:46.892120 [debug] [MainThread]: Partial parsing enabled, no changes found, skipping parsing
[0m11:11:46.905023 [debug] [MainThread]: Sending event: {'category': 'dbt', 'action': 'load_project', 'label': 'f04d15bb-e989-488a-b08c-c684058f0ab1', 'context': [<snowplow_tracker.self_describing_json.SelfDescribingJson object at 0x10b481550>]}
[0m11:11:46.926990 [debug] [MainThread]: Wrote artifact WritableManifest to /Users/szabolcsszentes/Documents/projects/dbt_test_for_run/target/manifest.json
[0m11:11:46.928342 [debug] [MainThread]: Wrote artifact SemanticManifest to /Users/szabolcsszentes/Documents/projects/dbt_test_for_run/target/semantic_manifest.json
[0m11:11:46.937941 [debug] [MainThread]: Sending event: {'category': 'dbt', 'action': 'resource_counts', 'label': 'f04d15bb-e989-488a-b08c-c684058f0ab1', 'context': [<snowplow_tracker.self_describing_json.SelfDescribingJson object at 0x10b864d70>]}
[0m11:11:46.938108 [info ] [MainThread]: Found 1 model, 1 seed, 474 macros
[0m11:11:46.938230 [debug] [MainThread]: Sending event: {'category': 'dbt', 'action': 'runnable_timing', 'label': 'f04d15bb-e989-488a-b08c-c684058f0ab1', 'context': [<snowplow_tracker.self_describing_json.SelfDescribingJson object at 0x10b9ac3d0>]}
[0m11:11:46.938878 [info ] [MainThread]: 
[0m11:11:46.938997 [info ] [MainThread]: Concurrency: 1 threads (target='dev')
[0m11:11:46.939087 [info ] [MainThread]: 
[0m11:11:46.939273 [debug] [MainThread]: Acquiring new duckdb connection 'master'
[0m11:11:46.939573 [debug] [ThreadPool]: Acquiring new duckdb connection 'list_dbt_test'
[0m11:11:46.966693 [debug] [ThreadPool]: Using duckdb connection "list_dbt_test"
[0m11:11:46.966874 [debug] [ThreadPool]: On list_dbt_test: /* {"app": "dbt", "dbt_version": "1.11.6", "profile_name": "dbt_test", "target_name": "dev", "connection_name": "list_dbt_test"} */

    
    select schema_name
    from system.information_schema.schemata
    
    where lower(catalog_name) = '"dbt_test"'
    
  
  
[0m11:11:46.966989 [debug] [ThreadPool]: Opening a new connection, currently in state init
[0m11:11:46.977803 [debug] [ThreadPool]: SQL status: OK in 0.011 seconds
[0m11:11:46.978343 [debug] [ThreadPool]: On list_dbt_test: Close
[0m11:11:46.978603 [debug] [ThreadPool]: Re-using an available connection from the pool (formerly list_dbt_test, now create_dbt_test_main)
[0m11:11:46.978752 [debug] [ThreadPool]: Creating schema "database: "dbt_test"
schema: "main"
"
[0m11:11:46.980958 [debug] [ThreadPool]: Using duckdb connection "create_dbt_test_main"
[0m11:11:46.981063 [debug] [ThreadPool]: On create_dbt_test_main: /* {"app": "dbt", "dbt_version": "1.11.6", "profile_name": "dbt_test", "target_name": "dev", "connection_name": "create_dbt_test_main"} */

    
        select type from duckdb_databases()
        where lower(database_name)='dbt_test'
        and type='sqlite'
    
  
[0m11:11:46.981143 [debug] [ThreadPool]: Opening a new connection, currently in state closed
[0m11:11:46.981585 [debug] [ThreadPool]: SQL status: OK in 0.000 seconds
[0m11:11:46.982004 [debug] [ThreadPool]: Using duckdb connection "create_dbt_test_main"
[0m11:11:46.982085 [debug] [ThreadPool]: On create_dbt_test_main: BEGIN
[0m11:11:46.982212 [debug] [ThreadPool]: SQL status: OK in 0.000 seconds
[0m11:11:46.982295 [debug] [ThreadPool]: Using duckdb connection "create_dbt_test_main"
[0m11:11:46.982379 [debug] [ThreadPool]: On create_dbt_test_main: /* {"app": "dbt", "dbt_version": "1.11.6", "profile_name": "dbt_test", "target_name": "dev", "connection_name": "create_dbt_test_main"} */

    
    
        create schema if not exists "dbt_test"."main"
    
[0m11:11:46.982560 [debug] [ThreadPool]: SQL status: OK in 0.000 seconds
[0m11:11:46.982826 [debug] [ThreadPool]: On create_dbt_test_main: COMMIT
[0m11:11:46.982914 [debug] [ThreadPool]: Using duckdb connection "create_dbt_test_main"
[0m11:11:46.982987 [debug] [ThreadPool]: On create_dbt_test_main: COMMIT
[0m11:11:46.983135 [debug] [ThreadPool]: SQL status: OK in 0.000 seconds
[0m11:11:46.983241 [debug] [ThreadPool]: On create_dbt_test_main: Close
[0m11:11:46.984991 [debug] [ThreadPool]: Re-using an available connection from the pool (formerly create_dbt_test_main, now list_dbt_test_main)
[0m11:11:46.986890 [debug] [ThreadPool]: Using duckdb connection "list_dbt_test_main"
[0m11:11:46.986986 [debug] [ThreadPool]: On list_dbt_test_main: BEGIN
[0m11:11:46.987061 [debug] [ThreadPool]: Opening a new connection, currently in state closed
[0m11:11:46.987222 [debug] [ThreadPool]: SQL status: OK in 0.000 seconds
[0m11:11:46.987306 [debug] [ThreadPool]: Using duckdb connection "list_dbt_test_main"
[0m11:11:46.987398 [debug] [ThreadPool]: On list_dbt_test_main: /* {"app": "dbt", "dbt_version": "1.11.6", "profile_name": "dbt_test", "target_name": "dev", "connection_name": "list_dbt_test_main"} */
select
      'dbt_test' as database,
      table_name as name,
      table_schema as schema,
      CASE table_type
        WHEN 'BASE TABLE' THEN 'table'
        WHEN 'VIEW' THEN 'view'
        WHEN 'LOCAL TEMPORARY' THEN 'table'
        END as type
    from system.information_schema.tables
    where lower(table_schema) = 'main'
    and lower(table_catalog) = 'dbt_test'
  
[0m11:11:46.992759 [debug] [ThreadPool]: SQL status: OK in 0.005 seconds
[0m11:11:46.993398 [debug] [ThreadPool]: On list_dbt_test_main: ROLLBACK
[0m11:11:46.994071 [debug] [ThreadPool]: Failed to rollback 'list_dbt_test_main'
[0m11:11:46.994170 [debug] [ThreadPool]: On list_dbt_test_main: Close
[0m11:11:46.994499 [debug] [MainThread]: Sending event: {'category': 'dbt', 'action': 'runnable_timing', 'label': 'f04d15bb-e989-488a-b08c-c684058f0ab1', 'context': [<snowplow_tracker.self_describing_json.SelfDescribingJson object at 0x10bb5fa00>]}
[0m11:11:46.994642 [debug] [MainThread]: Using duckdb connection "master"
[0m11:11:46.994720 [debug] [MainThread]: On master: BEGIN
[0m11:11:46.994800 [debug] [MainThread]: Opening a new connection, currently in state init
[0m11:11:46.994949 [debug] [MainThread]: SQL status: OK in 0.000 seconds
[0m11:11:46.995030 [debug] [MainThread]: On master: COMMIT
[0m11:11:46.995111 [debug] [MainThread]: Using duckdb connection "master"
[0m11:11:46.995191 [debug] [MainThread]: On master: COMMIT
[0m11:11:46.995331 [debug] [MainThread]: SQL status: OK in 0.000 seconds
[0m11:11:46.995448 [debug] [MainThread]: On master: Close
[0m11:11:46.996422 [debug] [Thread-1 (]: Began running node seed.dbt_test.customers
[0m11:11:46.996590 [info ] [Thread-1 (]: 1 of 1 START seed file main.customers .......................................... [RUN]
[0m11:11:46.996738 [debug] [Thread-1 (]: Re-using an available connection from the pool (formerly list_dbt_test_main, now seed.dbt_test.customers)
[0m11:11:46.996849 [debug] [Thread-1 (]: Began compiling node seed.dbt_test.customers
[0m11:11:46.996959 [debug] [Thread-1 (]: Began executing node seed.dbt_test.customers
[0m11:11:47.008412 [debug] [Thread-1 (]: Using duckdb connection "seed.dbt_test.customers"
[0m11:11:47.008579 [debug] [Thread-1 (]: On seed.dbt_test.customers: BEGIN
[0m11:11:47.008677 [debug] [Thread-1 (]: Opening a new connection, currently in state closed
[0m11:11:47.008926 [debug] [Thread-1 (]: SQL status: OK in 0.000 seconds
[0m11:11:47.009035 [debug] [Thread-1 (]: Using duckdb connection "seed.dbt_test.customers"
[0m11:11:47.009138 [debug] [Thread-1 (]: On seed.dbt_test.customers: /* {"app": "dbt", "dbt_version": "1.11.6", "profile_name": "dbt_test", "target_name": "dev", "node_id": "seed.dbt_test.customers"} */
truncate table "dbt_test"."main"."customers"
[0m11:11:47.010572 [debug] [Thread-1 (]: SQL status: OK in 0.001 seconds
[0m11:11:47.014146 [debug] [Thread-1 (]: Using duckdb connection "seed.dbt_test.customers"
[0m11:11:47.014262 [debug] [Thread-1 (]: On seed.dbt_test.customers: 
          COPY "dbt_test"."main"."customers" FROM '/Users/szabolcsszentes/Documents/projects/dbt_test_for_run/seeds/customers.csv' (FORMAT CSV, HEADER TRUE, DELIMITER ',')
        ...
[0m11:11:47.019948 [debug] [Thread-1 (]: SQL status: OK in 0.006 seconds
[0m11:11:47.021901 [debug] [Thread-1 (]: Writing runtime SQL for node "seed.dbt_test.customers"
[0m11:11:47.025171 [debug] [Thread-1 (]: On seed.dbt_test.customers: COMMIT
[0m11:11:47.025294 [debug] [Thread-1 (]: Using duckdb connection "seed.dbt_test.customers"
[0m11:11:47.025392 [debug] [Thread-1 (]: On seed.dbt_test.customers: COMMIT
[0m11:11:47.026320 [debug] [Thread-1 (]: SQL status: OK in 0.001 seconds
[0m11:11:47.027041 [debug] [Thread-1 (]: On seed.dbt_test.customers: Close
[0m11:11:47.027839 [debug] [Thread-1 (]: Sending event: {'category': 'dbt', 'action': 'run_model', 'label': 'f04d15bb-e989-488a-b08c-c684058f0ab1', 'context': [<snowplow_tracker.self_describing_json.SelfDescribingJson object at 0x10ba11a90>]}
[0m11:11:47.028055 [info ] [Thread-1 (]: 1 of 1 OK loaded seed file main.customers ...................................... [[32mINSERT 5[0m in 0.03s]
[0m11:11:47.028268 [debug] [Thread-1 (]: Finished running node seed.dbt_test.customers
[0m11:11:47.028806 [debug] [MainThread]: Using duckdb connection "master"
[0m11:11:47.028965 [debug] [MainThread]: On master: BEGIN
[0m11:11:47.029068 [debug] [MainThread]: Opening a new connection, currently in state closed
[0m11:11:47.029265 [debug] [MainThread]: SQL status: OK in 0.000 seconds
[0m11:11:47.029773 [debug] [MainThread]: On master: COMMIT
[0m11:11:47.029984 [debug] [MainThread]: Using duckdb connection "master"
[0m11:11:47.030089 [debug] [MainThread]: On master: COMMIT
[0m11:11:47.030239 [debug] [MainThread]: SQL status: OK in 0.000 seconds
[0m11:11:47.031349 [debug] [MainThread]: On master: Close
[0m11:11:47.031477 [debug] [MainThread]: Connection 'master' was properly closed.
[0m11:11:47.031581 [debug] [MainThread]: Connection 'seed.dbt_test.customers' was properly closed.
[0m11:11:47.031685 [info ] [MainThread]: 
[0m11:11:47.032587 [info ] [MainThread]: Finished running 1 seed in 0 hours 0 minutes and 0.09 seconds (0.09s).
[0m11:11:47.033290 [debug] [MainThread]: Command end result
[0m11:11:47.068846 [debug] [MainThread]: Wrote artifact WritableManifest to /Users/szabolcsszentes/Documents/projects/dbt_test_for_run/target/manifest.json
[0m11:11:47.069554 [debug] [MainThread]: Wrote artifact SemanticManifest to /Users/szabolcsszentes/Documents/projects/dbt_test_for_run/target/semantic_manifest.json
[0m11:11:47.071524 [debug] [MainThread]: Wrote artifact RunExecutionResult to /Users/szabolcsszentes/Documents/projects/dbt_test_for_run/target/run_results.json
[0m11:11:47.071620 [info ] [MainThread]: 
[0m11:11:47.071757 [info ] [MainThread]: [32mCompleted successfully[0m
[0m11:11:47.071868 [info ] [MainThread]: 
[0m11:11:47.071987 [info ] [MainThread]: Done. PASS=1 WARN=0 ERROR=0 SKIP=0 NO-OP=0 TOTAL=1
[0m11:11:47.073256 [debug] [MainThread]: Resource report: {"command_name": "seed", "command_success": true, "command_wall_clock_time": 0.44018814, "process_in_blocks": "0", "process_kernel_time": 0.18271, "process_mem_max_rss": "153042944", "process_out_blocks": "0", "process_user_time": 0.728133}
[0m11:11:47.073433 [debug] [MainThread]: Command `dbt seed` succeeded at 11:11:47.073398 after 0.44 seconds
[0m11:11:47.073562 [debug] [MainThread]: Sending event: {'category': 'dbt', 'action': 'invocation', 'label': 'end', 'context': [<snowplow_tracker.self_describing_json.SelfDescribingJson object at 0x10b9f1de0>, <snowplow_tracker.self_describing_json.SelfDescribingJson object at 0x10b9e9450>, <snowplow_tracker.self_describing_json.SelfDescribingJson object at 0x10b9e9b30>]}
[0m11:11:47.073679 [debug] [MainThread]: Flushing usage events
[0m11:11:47.646194 [debug] [MainThread]: An error was encountered while trying to flush usage events
[0m11:11:54.404579 [debug] [MainThread]: Sending event: {'category': 'dbt', 'action': 'invocation', 'label': 'start', 'context': [<snowplow_tracker.self_describing_json.SelfDescribingJson object at 0x10c3402f0>, <snowplow_tracker.self_describing_json.SelfDescribingJson object at 0x10d427610>, <snowplow_tracker.self_describing_json.SelfDescribingJson object at 0x10d427890>]}


============================== 11:11:54.406864 | 4db8dcc9-81ab-4910-93e9-7669fbebdccb ==============================
[0m11:11:54.406864 [info ] [MainThread]: Running with dbt=1.11.6
[0m11:11:54.407084 [debug] [MainThread]: running dbt with arguments {'static_parser': 'True', 'log_cache_events': 'False', 'log_format': 'default', 'version_check': 'True', 'fail_fast': 'False', 'target_path': 'None', 'invocation_command': 'dbt run --profiles-dir . --target dev --log-level debug', 'warn_error': 'None', 'warn_error_options': 'WarnErrorOptionsV2(error=[], warn=[], silence=[])', 'indirect_selection': 'eager', 'use_colors': 'True', 'send_anonymous_usage_stats': 'True', 'cache_selected_only': 'False', 'use_experimental_parser': 'False', 'quiet': 'False', 'printer_width': '80', 'introspect': 'True', 'debug': 'False', 'write_json': 'True', 'empty': 'False', 'no_print': 'None', 'log_path': '/Users/szabolcsszentes/Documents/projects/dbt_test_for_run/logs', 'profiles_dir': '.', 'partial_parse': 'True'}
[0m11:11:54.480189 [debug] [MainThread]: Sending event: {'category': 'dbt', 'action': 'project_id', 'label': '4db8dcc9-81ab-4910-93e9-7669fbebdccb', 'context': [<snowplow_tracker.self_describing_json.SelfDescribingJson object at 0x10c7396e0>]}
[0m11:11:54.502800 [debug] [MainThread]: Sending event: {'category': 'dbt', 'action': 'adapter_info', 'label': '4db8dcc9-81ab-4910-93e9-7669fbebdccb', 'context': [<snowplow_tracker.self_describing_json.SelfDescribingJson object at 0x10d2b3bd0>]}
[0m11:11:54.504268 [info ] [MainThread]: Registered adapter: duckdb=1.10.1
[0m11:11:54.564238 [debug] [MainThread]: checksum: c8b6b59961f1a44cdae45abf5547d0e7461bf6d514dde67ea6b1b10a452c5f5b, vars: {}, profile: , target: dev, version: 1.11.6
[0m11:11:54.605321 [debug] [MainThread]: Partial parsing enabled: 0 files deleted, 0 files added, 0 files changed.
[0m11:11:54.605535 [debug] [MainThread]: Nothing changed, skipping partial parsing.
[0m11:11:54.605660 [debug] [MainThread]: Partial parsing enabled, no changes found, skipping parsing
[0m11:11:54.618685 [debug] [MainThread]: Sending event: {'category': 'dbt', 'action': 'load_project', 'label': '4db8dcc9-81ab-4910-93e9-7669fbebdccb', 'context': [<snowplow_tracker.self_describing_json.SelfDescribingJson object at 0x10d4f9550>]}
[0m11:11:54.641876 [debug] [MainThread]: Wrote artifact WritableManifest to /Users/szabolcsszentes/Documents/projects/dbt_test_for_run/target/manifest.json
[0m11:11:54.643007 [debug] [MainThread]: Wrote artifact SemanticManifest to /Users/szabolcsszentes/Documents/projects/dbt_test_for_run/target/semantic_manifest.json
[0m11:11:54.653622 [debug] [MainThread]: Sending event: {'category': 'dbt', 'action': 'resource_counts', 'label': '4db8dcc9-81ab-4910-93e9-7669fbebdccb', 'context': [<snowplow_tracker.self_describing_json.SelfDescribingJson object at 0x10d4b5d60>]}
[0m11:11:54.653881 [info ] [MainThread]: Found 1 model, 1 seed, 474 macros
[0m11:11:54.654001 [debug] [MainThread]: Sending event: {'category': 'dbt', 'action': 'runnable_timing', 'label': '4db8dcc9-81ab-4910-93e9-7669fbebdccb', 'context': [<snowplow_tracker.self_describing_json.SelfDescribingJson object at 0x10da1c2f0>]}
[0m11:11:54.654755 [info ] [MainThread]: 
[0m11:11:54.654888 [info ] [MainThread]: Concurrency: 1 threads (target='dev')
[0m11:11:54.654981 [info ] [MainThread]: 
[0m11:11:54.655176 [debug] [MainThread]: Acquiring new duckdb connection 'master'
[0m11:11:54.655527 [debug] [ThreadPool]: Acquiring new duckdb connection 'list_dbt_test'
[0m11:11:54.679767 [debug] [ThreadPool]: Using duckdb connection "list_dbt_test"
[0m11:11:54.680003 [debug] [ThreadPool]: On list_dbt_test: /* {"app": "dbt", "dbt_version": "1.11.6", "profile_name": "dbt_test", "target_name": "dev", "connection_name": "list_dbt_test"} */

    
    select schema_name
    from system.information_schema.schemata
    
    where lower(catalog_name) = '"dbt_test"'
    
  
  
[0m11:11:54.680128 [debug] [ThreadPool]: Opening a new connection, currently in state init
[0m11:11:54.685218 [debug] [ThreadPool]: SQL status: OK in 0.005 seconds
[0m11:11:54.685845 [debug] [ThreadPool]: On list_dbt_test: Close
[0m11:11:54.686212 [debug] [ThreadPool]: Re-using an available connection from the pool (formerly list_dbt_test, now create_dbt_test_main)
[0m11:11:54.686421 [debug] [ThreadPool]: Creating schema "database: "dbt_test"
schema: "main"
"
[0m11:11:54.688739 [debug] [ThreadPool]: Using duckdb connection "create_dbt_test_main"
[0m11:11:54.688865 [debug] [ThreadPool]: On create_dbt_test_main: /* {"app": "dbt", "dbt_version": "1.11.6", "profile_name": "dbt_test", "target_name": "dev", "connection_name": "create_dbt_test_main"} */

    
        select type from duckdb_databases()
        where lower(database_name)='dbt_test'
        and type='sqlite'
    
  
[0m11:11:54.688965 [debug] [ThreadPool]: Opening a new connection, currently in state closed
[0m11:11:54.689338 [debug] [ThreadPool]: SQL status: OK in 0.000 seconds
[0m11:11:54.689802 [debug] [ThreadPool]: Using duckdb connection "create_dbt_test_main"
[0m11:11:54.689905 [debug] [ThreadPool]: On create_dbt_test_main: BEGIN
[0m11:11:54.690058 [debug] [ThreadPool]: SQL status: OK in 0.000 seconds
[0m11:11:54.690149 [debug] [ThreadPool]: Using duckdb connection "create_dbt_test_main"
[0m11:11:54.690244 [debug] [ThreadPool]: On create_dbt_test_main: /* {"app": "dbt", "dbt_version": "1.11.6", "profile_name": "dbt_test", "target_name": "dev", "connection_name": "create_dbt_test_main"} */

    
    
        create schema if not exists "dbt_test"."main"
    
[0m11:11:54.690406 [debug] [ThreadPool]: SQL status: OK in 0.000 seconds
[0m11:11:54.690674 [debug] [ThreadPool]: On create_dbt_test_main: COMMIT
[0m11:11:54.690782 [debug] [ThreadPool]: Using duckdb connection "create_dbt_test_main"
[0m11:11:54.690875 [debug] [ThreadPool]: On create_dbt_test_main: COMMIT
[0m11:11:54.691095 [debug] [ThreadPool]: SQL status: OK in 0.000 seconds
[0m11:11:54.691271 [debug] [ThreadPool]: On create_dbt_test_main: Close
[0m11:11:54.693177 [debug] [ThreadPool]: Re-using an available connection from the pool (formerly create_dbt_test_main, now list_dbt_test_main)
[0m11:11:54.695334 [debug] [ThreadPool]: Using duckdb connection "list_dbt_test_main"
[0m11:11:54.695479 [debug] [ThreadPool]: On list_dbt_test_main: BEGIN
[0m11:11:54.695568 [debug] [ThreadPool]: Opening a new connection, currently in state closed
[0m11:11:54.695757 [debug] [ThreadPool]: SQL status: OK in 0.000 seconds
[0m11:11:54.695842 [debug] [ThreadPool]: Using duckdb connection "list_dbt_test_main"
[0m11:11:54.695934 [debug] [ThreadPool]: On list_dbt_test_main: /* {"app": "dbt", "dbt_version": "1.11.6", "profile_name": "dbt_test", "target_name": "dev", "connection_name": "list_dbt_test_main"} */
select
      'dbt_test' as database,
      table_name as name,
      table_schema as schema,
      CASE table_type
        WHEN 'BASE TABLE' THEN 'table'
        WHEN 'VIEW' THEN 'view'
        WHEN 'LOCAL TEMPORARY' THEN 'table'
        END as type
    from system.information_schema.tables
    where lower(table_schema) = 'main'
    and lower(table_catalog) = 'dbt_test'
  
[0m11:11:54.699544 [debug] [ThreadPool]: SQL status: OK in 0.003 seconds
[0m11:11:54.700159 [debug] [ThreadPool]: On list_dbt_test_main: ROLLBACK
[0m11:11:54.700934 [debug] [ThreadPool]: Failed to rollback 'list_dbt_test_main'
[0m11:11:54.701159 [debug] [ThreadPool]: On list_dbt_test_main: Close
[0m11:11:54.701662 [debug] [MainThread]: Sending event: {'category': 'dbt', 'action': 'runnable_timing', 'label': '4db8dcc9-81ab-4910-93e9-7669fbebdccb', 'context': [<snowplow_tracker.self_describing_json.SelfDescribingJson object at 0x10dbd3930>]}
[0m11:11:54.701942 [debug] [MainThread]: Using duckdb connection "master"
[0m11:11:54.702061 [debug] [MainThread]: On master: BEGIN
[0m11:11:54.702154 [debug] [MainThread]: Opening a new connection, currently in state init
[0m11:11:54.702307 [debug] [MainThread]: SQL status: OK in 0.000 seconds
[0m11:11:54.702394 [debug] [MainThread]: On master: COMMIT
[0m11:11:54.702477 [debug] [MainThread]: Using duckdb connection "master"
[0m11:11:54.702559 [debug] [MainThread]: On master: COMMIT
[0m11:11:54.702735 [debug] [MainThread]: SQL status: OK in 0.000 seconds
[0m11:11:54.702878 [debug] [MainThread]: On master: Close
[0m11:11:54.704003 [debug] [Thread-1 (]: Began running node model.dbt_test.customers_model
[0m11:11:54.704219 [info ] [Thread-1 (]: 1 of 1 START sql table model main.customers_model .............................. [RUN]
[0m11:11:54.704371 [debug] [Thread-1 (]: Re-using an available connection from the pool (formerly list_dbt_test_main, now model.dbt_test.customers_model)
[0m11:11:54.704499 [debug] [Thread-1 (]: Began compiling node model.dbt_test.customers_model
[0m11:11:54.707144 [debug] [Thread-1 (]: Writing injected SQL for node "model.dbt_test.customers_model"
[0m11:11:54.707451 [debug] [Thread-1 (]: Began executing node model.dbt_test.customers_model
[0m11:11:54.719604 [debug] [Thread-1 (]: Writing runtime sql for node "model.dbt_test.customers_model"
[0m11:11:54.719975 [debug] [Thread-1 (]: Using duckdb connection "model.dbt_test.customers_model"
[0m11:11:54.720090 [debug] [Thread-1 (]: On model.dbt_test.customers_model: BEGIN
[0m11:11:54.720189 [debug] [Thread-1 (]: Opening a new connection, currently in state closed
[0m11:11:54.720435 [debug] [Thread-1 (]: SQL status: OK in 0.000 seconds
[0m11:11:54.720532 [debug] [Thread-1 (]: Using duckdb connection "model.dbt_test.customers_model"
[0m11:11:54.720634 [debug] [Thread-1 (]: On model.dbt_test.customers_model: /* {"app": "dbt", "dbt_version": "1.11.6", "profile_name": "dbt_test", "target_name": "dev", "node_id": "model.dbt_test.customers_model"} */

  
    
    

    create  table
      "dbt_test"."main"."customers_model__dbt_tmp"
  
    as (
      -- This model transforms customer data from the seed
-- It adds a full_name column and filters for recent signups

select
    customer_id,
    first_name,
    last_name,
    first_name || ' ' || last_name as full_name,
    email,
    signup_date,
    'active' as status
from "dbt_test"."main"."customers"
where signup_date >= '2024-01-01'
    );
  
  
[0m11:11:54.721870 [debug] [Thread-1 (]: SQL status: OK in 0.001 seconds
[0m11:11:54.724211 [debug] [Thread-1 (]: Using duckdb connection "model.dbt_test.customers_model"
[0m11:11:54.724422 [debug] [Thread-1 (]: On model.dbt_test.customers_model: /* {"app": "dbt", "dbt_version": "1.11.6", "profile_name": "dbt_test", "target_name": "dev", "node_id": "model.dbt_test.customers_model"} */

    SELECT index_name
    FROM duckdb_indexes()
    WHERE schema_name = 'main'
      AND table_name = 'customers_model'
  
[0m11:11:54.724768 [debug] [Thread-1 (]: SQL status: OK in 0.000 seconds
[0m11:11:54.725187 [debug] [Thread-1 (]: Using duckdb connection "model.dbt_test.customers_model"
[0m11:11:54.725295 [debug] [Thread-1 (]: On model.dbt_test.customers_model: /* {"app": "dbt", "dbt_version": "1.11.6", "profile_name": "dbt_test", "target_name": "dev", "node_id": "model.dbt_test.customers_model"} */

    SELECT COUNT(*) as remaining_indexes
    FROM duckdb_indexes()
    WHERE schema_name = 'main'
      AND table_name = 'customers_model'
  
[0m11:11:54.726217 [debug] [Thread-1 (]: SQL status: OK in 0.001 seconds
[0m11:11:54.728757 [debug] [Thread-1 (]: Using duckdb connection "model.dbt_test.customers_model"
[0m11:11:54.728898 [debug] [Thread-1 (]: On model.dbt_test.customers_model: /* {"app": "dbt", "dbt_version": "1.11.6", "profile_name": "dbt_test", "target_name": "dev", "node_id": "model.dbt_test.customers_model"} */
alter table "dbt_test"."main"."customers_model" rename to "customers_model__dbt_backup"
[0m11:11:54.729810 [debug] [Thread-1 (]: SQL status: OK in 0.001 seconds
[0m11:11:54.760694 [debug] [Thread-1 (]: Using duckdb connection "model.dbt_test.customers_model"
[0m11:11:54.760905 [debug] [Thread-1 (]: On model.dbt_test.customers_model: /* {"app": "dbt", "dbt_version": "1.11.6", "profile_name": "dbt_test", "target_name": "dev", "node_id": "model.dbt_test.customers_model"} */
alter table "dbt_test"."main"."customers_model__dbt_tmp" rename to "customers_model"
[0m11:11:54.761222 [debug] [Thread-1 (]: SQL status: OK in 0.000 seconds
[0m11:11:54.766549 [debug] [Thread-1 (]: On model.dbt_test.customers_model: COMMIT
[0m11:11:54.766762 [debug] [Thread-1 (]: Using duckdb connection "model.dbt_test.customers_model"
[0m11:11:54.766882 [debug] [Thread-1 (]: On model.dbt_test.customers_model: COMMIT
[0m11:11:54.767537 [debug] [Thread-1 (]: SQL status: OK in 0.001 seconds
[0m11:11:54.769718 [debug] [Thread-1 (]: Using duckdb connection "model.dbt_test.customers_model"
[0m11:11:54.769868 [debug] [Thread-1 (]: On model.dbt_test.customers_model: /* {"app": "dbt", "dbt_version": "1.11.6", "profile_name": "dbt_test", "target_name": "dev", "node_id": "model.dbt_test.customers_model"} */

      drop table if exists "dbt_test"."main"."customers_model__dbt_backup" cascade
    
[0m11:11:54.770470 [debug] [Thread-1 (]: SQL status: OK in 0.000 seconds
[0m11:11:54.771515 [debug] [Thread-1 (]: On model.dbt_test.customers_model: Close
[0m11:11:54.772450 [debug] [Thread-1 (]: Sending event: {'category': 'dbt', 'action': 'run_model', 'label': '4db8dcc9-81ab-4910-93e9-7669fbebdccb', 'context': [<snowplow_tracker.self_describing_json.SelfDescribingJson object at 0x10dc453d0>]}
[0m11:11:54.772724 [info ] [Thread-1 (]: 1 of 1 OK created sql table model main.customers_model ......................... [[32mOK[0m in 0.07s]
[0m11:11:54.772920 [debug] [Thread-1 (]: Finished running node model.dbt_test.customers_model
[0m11:11:54.773439 [debug] [MainThread]: Using duckdb connection "master"
[0m11:11:54.773571 [debug] [MainThread]: On master: BEGIN
[0m11:11:54.773675 [debug] [MainThread]: Opening a new connection, currently in state closed
[0m11:11:54.773896 [debug] [MainThread]: SQL status: OK in 0.000 seconds
[0m11:11:54.773998 [debug] [MainThread]: On master: COMMIT
[0m11:11:54.774098 [debug] [MainThread]: Using duckdb connection "master"
[0m11:11:54.774198 [debug] [MainThread]: On master: COMMIT
[0m11:11:54.774341 [debug] [MainThread]: SQL status: OK in 0.000 seconds
[0m11:11:54.774436 [debug] [MainThread]: On master: Close
[0m11:11:54.774567 [debug] [MainThread]: Connection 'master' was properly closed.
[0m11:11:54.774663 [debug] [MainThread]: Connection 'model.dbt_test.customers_model' was properly closed.
[0m11:11:54.774779 [info ] [MainThread]: 
[0m11:11:54.774877 [info ] [MainThread]: Finished running 1 table model in 0 hours 0 minutes and 0.12 seconds (0.12s).
[0m11:11:54.775106 [debug] [MainThread]: Command end result
[0m11:11:54.781936 [debug] [MainThread]: Wrote artifact WritableManifest to /Users/szabolcsszentes/Documents/projects/dbt_test_for_run/target/manifest.json
[0m11:11:54.782622 [debug] [MainThread]: Wrote artifact SemanticManifest to /Users/szabolcsszentes/Documents/projects/dbt_test_for_run/target/semantic_manifest.json
[0m11:11:54.785247 [debug] [MainThread]: Wrote artifact RunExecutionResult to /Users/szabolcsszentes/Documents/projects/dbt_test_for_run/target/run_results.json
[0m11:11:54.785381 [info ] [MainThread]: 
[0m11:11:54.785514 [info ] [MainThread]: [32mCompleted successfully[0m
[0m11:11:54.785612 [info ] [MainThread]: 
[0m11:11:54.785714 [info ] [MainThread]: Done. PASS=1 WARN=0 ERROR=0 SKIP=0 NO-OP=0 TOTAL=1
[0m11:11:54.787024 [debug] [MainThread]: Resource report: {"command_name": "run", "command_success": true, "command_wall_clock_time": 0.40947968, "process_in_blocks": "0", "process_kernel_time": 0.147957, "process_mem_max_rss": "149848064", "process_out_blocks": "0", "process_user_time": 0.753066}
[0m11:11:54.787315 [debug] [MainThread]: Command `dbt run` succeeded at 11:11:54.787262 after 0.41 seconds
[0m11:11:54.787481 [debug] [MainThread]: Sending event: {'category': 'dbt', 'action': 'invocation', 'label': 'end', 'context': [<snowplow_tracker.self_describing_json.SelfDescribingJson object at 0x10da668e0>, <snowplow_tracker.self_describing_json.SelfDescribingJson object at 0x10dd463f0>, <snowplow_tracker.self_describing_json.SelfDescribingJson object at 0x10dd45f90>]}
[0m11:11:54.787626 [debug] [MainThread]: Flushing usage events
[0m11:11:55.324973 [debug] [MainThread]: An error was encountered while trying to flush usage events
[0m09:42:20.113453 [debug] [MainThread]: Sending event: {'category': 'dbt', 'action': 'invocation', 'label': 'start', 'context': [<snowplow_tracker.self_describing_json.SelfDescribingJson object at 0x10c7d82f0>, <snowplow_tracker.self_describing_json.SelfDescribingJson object at 0x10d8bf610>, <snowplow_tracker.self_describing_json.SelfDescribingJson object at 0x10d8bf890>]}


============================== 09:42:20.116039 | e905d5b8-1d08-4177-97be-1664efeb2d2b ==============================
[0m09:42:20.116039 [info ] [MainThread]: Running with dbt=1.11.6
[0m09:42:20.116290 [debug] [MainThread]: running dbt with arguments {'log_format': 'default', 'log_path': '/Users/szabolcsszentes/Documents/projects/dbt_test_for_run/logs', 'printer_width': '80', 'static_parser': 'True', 'quiet': 'False', 'indirect_selection': 'eager', 'use_colors': 'True', 'empty': 'None', 'write_json': 'True', 'send_anonymous_usage_stats': 'True', 'warn_error': 'None', 'target_path': 'None', 'log_cache_events': 'False', 'warn_error_options': 'WarnErrorOptionsV2(error=[], warn=[], silence=[])', 'no_print': 'None', 'use_experimental_parser': 'False', 'invocation_command': 'dbt seed --profiles-dir . --target databricks', 'partial_parse': 'True', 'introspect': 'True', 'profiles_dir': '.', 'fail_fast': 'False', 'cache_selected_only': 'False', 'version_check': 'True', 'debug': 'False'}
[0m09:42:20.662842 [debug] [MainThread]: Spark adapter: Setting pyhive.hive logging to ERROR
[0m09:42:20.663057 [debug] [MainThread]: Spark adapter: Setting thrift.transport logging to ERROR
[0m09:42:20.663161 [debug] [MainThread]: Spark adapter: Setting thrift.protocol logging to ERROR
[0m09:42:22.419580 [debug] [MainThread]: Sending event: {'category': 'dbt', 'action': 'project_id', 'label': 'e905d5b8-1d08-4177-97be-1664efeb2d2b', 'context': [<snowplow_tracker.self_describing_json.SelfDescribingJson object at 0x10cbd16e0>]}
[0m09:42:22.438414 [debug] [MainThread]: Sending event: {'category': 'dbt', 'action': 'adapter_info', 'label': 'e905d5b8-1d08-4177-97be-1664efeb2d2b', 'context': [<snowplow_tracker.self_describing_json.SelfDescribingJson object at 0x11568ae00>]}
[0m09:42:22.438628 [info ] [MainThread]: Registered adapter: databricks=1.11.5
[0m09:42:22.500052 [warn ] [MainThread]: [[33mWARNING[0m]: Use managed Iceberg tables when table_format is iceberg. When this flag is disabled, UniForm is used instead.
You may opt into the new behavior sooner by setting `flags.use_managed_iceberg` to `True` in `dbt_project.yml`.
Visit https://docs.getdbt.com/reference/global-configs/behavior-changes for more information.
[0m09:42:22.500416 [debug] [MainThread]: Sending event: {'category': 'dbt', 'action': 'BehaviorChangeEvent', 'label': 'e905d5b8-1d08-4177-97be-1664efeb2d2b', 'context': [<snowplow_tracker.self_describing_json.SelfDescribingJson object at 0x1155bb850>]}
[0m09:42:22.505375 [debug] [MainThread]: checksum: 6bff9b0fed7e2d76821166f4b272d8aa571bf0a0afe21c210d5eda6b781d3064, vars: {}, profile: , target: databricks, version: 1.11.6
[0m09:42:22.533532 [info ] [MainThread]: Unable to do partial parsing because config vars, config profile, or config target have changed
[0m09:42:22.533760 [debug] [MainThread]: previous checksum: 6bff9b0fed7e2d76821166f4b272d8aa571bf0a0afe21c210d5eda6b781d3064, current checksum: c8b6b59961f1a44cdae45abf5547d0e7461bf6d514dde67ea6b1b10a452c5f5b
[0m09:42:22.533852 [info ] [MainThread]: Unable to do partial parsing because profile has changed
[0m09:42:22.533935 [info ] [MainThread]: Unable to do partial parsing because a project dependency has been added
[0m09:42:22.534027 [debug] [MainThread]: Sending event: {'category': 'dbt', 'action': 'partial_parser', 'label': 'e905d5b8-1d08-4177-97be-1664efeb2d2b', 'context': [<snowplow_tracker.self_describing_json.SelfDescribingJson object at 0x115ae88c0>]}
[0m09:42:23.126119 [debug] [MainThread]: Sending event: {'category': 'dbt', 'action': 'load_project', 'label': 'e905d5b8-1d08-4177-97be-1664efeb2d2b', 'context': [<snowplow_tracker.self_describing_json.SelfDescribingJson object at 0x115c050f0>]}
[0m09:42:23.151032 [debug] [MainThread]: Wrote artifact WritableManifest to /Users/szabolcsszentes/Documents/projects/dbt_test_for_run/target/manifest.json
[0m09:42:23.152359 [debug] [MainThread]: Wrote artifact SemanticManifest to /Users/szabolcsszentes/Documents/projects/dbt_test_for_run/target/semantic_manifest.json
[0m09:42:23.158087 [debug] [MainThread]: Sending event: {'category': 'dbt', 'action': 'resource_counts', 'label': 'e905d5b8-1d08-4177-97be-1664efeb2d2b', 'context': [<snowplow_tracker.self_describing_json.SelfDescribingJson object at 0x115dec940>]}
[0m09:42:23.158260 [info ] [MainThread]: Found 3 models, 1 seed, 731 macros
[0m09:42:23.158384 [debug] [MainThread]: Sending event: {'category': 'dbt', 'action': 'runnable_timing', 'label': 'e905d5b8-1d08-4177-97be-1664efeb2d2b', 'context': [<snowplow_tracker.self_describing_json.SelfDescribingJson object at 0x115d28e90>]}
[0m09:42:23.159030 [info ] [MainThread]: 
[0m09:42:23.159151 [info ] [MainThread]: Concurrency: 1 threads (target='databricks')
[0m09:42:23.159244 [info ] [MainThread]: 
[0m09:42:23.159448 [debug] [MainThread]: Databricks adapter: DatabricksDBTConnection(session-id=None, name=master) - Creating connection
[0m09:42:23.159552 [debug] [MainThread]: Acquiring new databricks connection 'master'
[0m09:42:23.159870 [debug] [ThreadPool]: Databricks adapter: DatabricksDBTConnection(session-id=None, name=list_datapao_cns) - Creating connection
[0m09:42:23.159986 [debug] [ThreadPool]: Acquiring new databricks connection 'list_datapao_cns'
[0m09:42:23.164114 [debug] [ThreadPool]: Using databricks connection "list_datapao_cns"
[0m09:42:23.164229 [debug] [ThreadPool]: On list_datapao_cns: /* {"app": "dbt", "dbt_version": "1.11.6", "dbt_databricks_version": "1.11.5", "databricks_sql_connector_version": "4.1.3", "profile_name": "dbt_test", "target_name": "databricks", "connection_name": "list_datapao_cns"} */

    

  SHOW SCHEMAS IN `datapao_cns`


  
[0m09:42:23.164321 [debug] [ThreadPool]: Opening a new connection, currently in state init
[0m09:42:23.484625 [debug] [ThreadPool]: Databricks adapter: Connection(session-id=01f11d26-3962-1ea3-b4f9-4032e0a55898) - Created
[0m09:42:31.231540 [debug] [ThreadPool]: SQL status: OK in 8.070 seconds
[0m09:42:31.241098 [debug] [ThreadPool]: Databricks adapter: Cursor(session-id=01f11d26-3962-1ea3-b4f9-4032e0a55898, command-id=01f11d26-3975-1f2f-b666-75f73dbd363f) - Closing
[0m09:42:31.453440 [debug] [ThreadPool]: On list_datapao_cns: Close
[0m09:42:31.454415 [debug] [ThreadPool]: Databricks adapter: Connection(session-id=01f11d26-3962-1ea3-b4f9-4032e0a55898) - Closing
[0m09:42:31.531462 [debug] [ThreadPool]: Databricks adapter: DatabricksDBTConnection(session-id=None, name=list_datapao_cns_dbt_test) - Creating connection
[0m09:42:31.531929 [debug] [ThreadPool]: Acquiring new databricks connection 'list_datapao_cns_dbt_test'
[0m09:42:31.538498 [debug] [ThreadPool]: Using databricks connection "list_datapao_cns_dbt_test"
[0m09:42:31.538762 [debug] [ThreadPool]: On list_datapao_cns_dbt_test: /* {"app": "dbt", "dbt_version": "1.11.6", "dbt_databricks_version": "1.11.5", "databricks_sql_connector_version": "4.1.3", "profile_name": "dbt_test", "target_name": "databricks", "connection_name": "list_datapao_cns_dbt_test"} */

    
SELECT
  table_name,
  if(table_type IN ('EXTERNAL', 'MANAGED', 'MANAGED_SHALLOW_CLONE', 'EXTERNAL_SHALLOW_CLONE'), 'table', lower(table_type)) AS table_type,
  lower(data_source_format) AS file_format,
  table_owner,
  if(
    table_type IN (
      'EXTERNAL',
      'MANAGED',
      'MANAGED_SHALLOW_CLONE',
      'EXTERNAL_SHALLOW_CLONE'
    ),
    lower(table_type),
    NULL
  ) AS databricks_table_type
FROM `system`.`information_schema`.`tables`
WHERE table_catalog = 'datapao_cns' 
  AND table_schema = 'dbt_test'

  
[0m09:42:31.538978 [debug] [ThreadPool]: Opening a new connection, currently in state init
[0m09:42:31.692114 [debug] [ThreadPool]: Databricks adapter: Connection(session-id=01f11d26-3e4f-1d7e-9b94-ae5b55374444) - Created
[0m09:42:33.073730 [debug] [ThreadPool]: SQL status: OK in 1.530 seconds
[0m09:42:33.076498 [debug] [ThreadPool]: Databricks adapter: Cursor(session-id=01f11d26-3e4f-1d7e-9b94-ae5b55374444, command-id=01f11d26-3e5a-1d48-9cff-fc6b6b839b56) - Closing
[0m09:42:33.077070 [debug] [ThreadPool]: On list_datapao_cns_dbt_test: Close
[0m09:42:33.077373 [debug] [ThreadPool]: Databricks adapter: Connection(session-id=01f11d26-3e4f-1d7e-9b94-ae5b55374444) - Closing
[0m09:42:33.155391 [debug] [MainThread]: Sending event: {'category': 'dbt', 'action': 'runnable_timing', 'label': 'e905d5b8-1d08-4177-97be-1664efeb2d2b', 'context': [<snowplow_tracker.self_describing_json.SelfDescribingJson object at 0x115e626d0>]}
[0m09:42:33.161295 [debug] [Thread-3 (]: Began running node seed.dbt_test.customers
[0m09:42:33.161996 [info ] [Thread-3 (]: 1 of 1 START seed file dbt_test.customers ...................................... [RUN]
[0m09:42:33.162601 [debug] [Thread-3 (]: Databricks adapter: DatabricksDBTConnection(session-id=None, name=seed.dbt_test.customers) - Creating connection
[0m09:42:33.162922 [debug] [Thread-3 (]: Acquiring new databricks connection 'seed.dbt_test.customers'
[0m09:42:33.163195 [debug] [Thread-3 (]: Began compiling node seed.dbt_test.customers
[0m09:42:33.163450 [debug] [Thread-3 (]: Began executing node seed.dbt_test.customers
[0m09:42:33.172451 [warn ] [Thread-3 (]: [[33mWARNING[0m]: Use revamped materializations based on separating create and insert.  This allows more performant column comments, as well as new column features.
You may opt into the new behavior sooner by setting `flags.use_materialization_v2` to `True` in `dbt_project.yml`.
Visit https://docs.getdbt.com/reference/global-configs/behavior-changes for more information.
[0m09:42:33.172966 [debug] [Thread-3 (]: Sending event: {'category': 'dbt', 'action': 'BehaviorChangeEvent', 'label': 'e905d5b8-1d08-4177-97be-1664efeb2d2b', 'context': [<snowplow_tracker.self_describing_json.SelfDescribingJson object at 0x10bcfccd0>]}
[0m09:42:33.203944 [debug] [Thread-3 (]: Using databricks connection "seed.dbt_test.customers"
[0m09:42:33.204252 [debug] [Thread-3 (]: On seed.dbt_test.customers: /* {"app": "dbt", "dbt_version": "1.11.6", "dbt_databricks_version": "1.11.5", "databricks_sql_connector_version": "4.1.3", "profile_name": "dbt_test", "target_name": "databricks", "node_id": "seed.dbt_test.customers"} */

    create  table `datapao_cns`.`dbt_test`.`customers` (`customer_id` bigint ,`first_name` string ,`last_name` string ,`email` string ,`signup_date` date )
    
    using delta
  
    
    
    
    
    
  
[0m09:42:33.204415 [debug] [Thread-3 (]: Opening a new connection, currently in state init
[0m09:42:33.353421 [debug] [Thread-3 (]: Databricks adapter: Connection(session-id=01f11d26-3f4c-1e00-904e-b8cc99a33786) - Created
[0m09:42:36.748663 [debug] [Thread-3 (]: SQL status: OK in 3.540 seconds
[0m09:42:36.750494 [debug] [Thread-3 (]: Databricks adapter: Cursor(session-id=01f11d26-3f4c-1e00-904e-b8cc99a33786, command-id=01f11d26-3f57-1e26-8be2-19807576ab7c) - Closing
[0m09:42:36.764745 [debug] [Thread-3 (]: Using databricks connection "seed.dbt_test.customers"
[0m09:42:36.765005 [debug] [Thread-3 (]: On seed.dbt_test.customers: 
          insert overwrite `datapao_cns`.`dbt_test`.`customers` values
          (%s,%s,%s,%s,%s),(%s,%s,%s,%s,%s),(%s,%s,%s,%s,%s),(%s,%s,%s,%s,%s),(%s,%s,%s,%s,%s)
      ...
[0m09:42:41.776096 [debug] [Thread-3 (]: SQL status: OK in 5.010 seconds
[0m09:42:41.777303 [debug] [Thread-3 (]: Databricks adapter: Cursor(session-id=01f11d26-3f4c-1e00-904e-b8cc99a33786, command-id=01f11d26-4160-1ae9-b5fa-fb69be394ad3) - Closing
[0m09:42:41.784073 [debug] [Thread-3 (]: Writing runtime SQL for node "seed.dbt_test.customers"
[0m09:42:41.792746 [debug] [Thread-3 (]: On seed.dbt_test.customers: Close
[0m09:42:41.792914 [debug] [Thread-3 (]: Databricks adapter: Connection(session-id=01f11d26-3f4c-1e00-904e-b8cc99a33786) - Closing
[0m09:42:41.856714 [debug] [Thread-3 (]: Sending event: {'category': 'dbt', 'action': 'run_model', 'label': 'e905d5b8-1d08-4177-97be-1664efeb2d2b', 'context': [<snowplow_tracker.self_describing_json.SelfDescribingJson object at 0x10cb740d0>]}
[0m09:42:41.857059 [info ] [Thread-3 (]: 1 of 1 OK loaded seed file dbt_test.customers .................................. [[32mINSERT 5[0m in 8.69s]
[0m09:42:41.857391 [debug] [Thread-3 (]: Finished running node seed.dbt_test.customers
[0m09:42:41.858132 [debug] [MainThread]: Databricks adapter: DatabricksDBTConnection(session-id=None, name=master) - Creating connection
[0m09:42:41.858346 [debug] [MainThread]: Acquiring new databricks connection 'master'
[0m09:42:41.858581 [info ] [MainThread]: 
[0m09:42:41.858757 [info ] [MainThread]: Finished running 1 seed in 0 hours 0 minutes and 18.70 seconds (18.70s).
[0m09:42:41.859103 [debug] [MainThread]: Command end result
[0m09:42:41.875396 [debug] [MainThread]: Wrote artifact WritableManifest to /Users/szabolcsszentes/Documents/projects/dbt_test_for_run/target/manifest.json
[0m09:42:41.876513 [debug] [MainThread]: Wrote artifact SemanticManifest to /Users/szabolcsszentes/Documents/projects/dbt_test_for_run/target/semantic_manifest.json
[0m09:42:41.879411 [debug] [MainThread]: Wrote artifact RunExecutionResult to /Users/szabolcsszentes/Documents/projects/dbt_test_for_run/target/run_results.json
[0m09:42:41.879550 [info ] [MainThread]: 
[0m09:42:41.879715 [info ] [MainThread]: [32mCompleted successfully[0m
[0m09:42:41.879829 [info ] [MainThread]: 
[0m09:42:41.879963 [info ] [MainThread]: Done. PASS=1 WARN=0 ERROR=0 SKIP=0 NO-OP=0 TOTAL=1
[0m09:42:41.891411 [debug] [MainThread]: Resource report: {"command_name": "seed", "command_success": true, "command_wall_clock_time": 21.808268, "process_in_blocks": "0", "process_kernel_time": 0.364353, "process_mem_max_rss": "257933312", "process_out_blocks": "0", "process_user_time": 1.983608}
[0m09:42:41.891734 [debug] [MainThread]: Command `dbt seed` succeeded at 09:42:41.891686 after 21.81 seconds
[0m09:42:41.891925 [debug] [MainThread]: Sending event: {'category': 'dbt', 'action': 'invocation', 'label': 'end', 'context': [<snowplow_tracker.self_describing_json.SelfDescribingJson object at 0x10d919010>, <snowplow_tracker.self_describing_json.SelfDescribingJson object at 0x104903d20>, <snowplow_tracker.self_describing_json.SelfDescribingJson object at 0x10ca86f30>]}
[0m09:42:41.892089 [debug] [MainThread]: Flushing usage events
[0m09:42:42.466926 [debug] [MainThread]: An error was encountered while trying to flush usage events
[0m09:43:17.075821 [debug] [MainThread]: Sending event: {'category': 'dbt', 'action': 'invocation', 'label': 'start', 'context': [<snowplow_tracker.self_describing_json.SelfDescribingJson object at 0x1082d42f0>, <snowplow_tracker.self_describing_json.SelfDescribingJson object at 0x1093bf610>, <snowplow_tracker.self_describing_json.SelfDescribingJson object at 0x1093bf890>]}


============================== 09:43:17.078455 | 22cf17d6-3346-4208-a233-308ba340e304 ==============================
[0m09:43:17.078455 [info ] [MainThread]: Running with dbt=1.11.6
[0m09:43:17.078718 [debug] [MainThread]: running dbt with arguments {'fail_fast': 'False', 'warn_error': 'None', 'cache_selected_only': 'False', 'indirect_selection': 'eager', 'log_cache_events': 'False', 'introspect': 'True', 'target_path': 'None', 'log_format': 'default', 'static_parser': 'True', 'empty': 'False', 'invocation_command': 'dbt run --profiles-dir . --target databricks --log-level debug', 'quiet': 'False', 'printer_width': '80', 'profiles_dir': '.', 'no_print': 'None', 'use_colors': 'True', 'partial_parse': 'True', 'log_path': '/Users/szabolcsszentes/Documents/projects/dbt_test_for_run/logs', 'version_check': 'True', 'debug': 'False', 'send_anonymous_usage_stats': 'True', 'warn_error_options': 'WarnErrorOptionsV2(error=[], warn=[], silence=[])', 'use_experimental_parser': 'False', 'write_json': 'True'}
[0m09:43:17.463732 [debug] [MainThread]: Spark adapter: Setting pyhive.hive logging to ERROR
[0m09:43:17.463995 [debug] [MainThread]: Spark adapter: Setting thrift.transport logging to ERROR
[0m09:43:17.464128 [debug] [MainThread]: Spark adapter: Setting thrift.protocol logging to ERROR
[0m09:43:17.988601 [debug] [MainThread]: Sending event: {'category': 'dbt', 'action': 'project_id', 'label': '22cf17d6-3346-4208-a233-308ba340e304', 'context': [<snowplow_tracker.self_describing_json.SelfDescribingJson object at 0x1086cd6e0>]}
[0m09:43:18.010857 [debug] [MainThread]: Sending event: {'category': 'dbt', 'action': 'adapter_info', 'label': '22cf17d6-3346-4208-a233-308ba340e304', 'context': [<snowplow_tracker.self_describing_json.SelfDescribingJson object at 0x111186e00>]}
[0m09:43:18.011239 [info ] [MainThread]: Registered adapter: databricks=1.11.5
[0m09:43:18.074855 [warn ] [MainThread]: [[33mWARNING[0m]: Use managed Iceberg tables when table_format is iceberg. When this flag is disabled, UniForm is used instead.
You may opt into the new behavior sooner by setting `flags.use_managed_iceberg` to `True` in `dbt_project.yml`.
Visit https://docs.getdbt.com/reference/global-configs/behavior-changes for more information.
[0m09:43:18.075235 [debug] [MainThread]: Sending event: {'category': 'dbt', 'action': 'BehaviorChangeEvent', 'label': '22cf17d6-3346-4208-a233-308ba340e304', 'context': [<snowplow_tracker.self_describing_json.SelfDescribingJson object at 0x1110bb850>]}
[0m09:43:18.080436 [debug] [MainThread]: checksum: 6bff9b0fed7e2d76821166f4b272d8aa571bf0a0afe21c210d5eda6b781d3064, vars: {}, profile: , target: databricks, version: 1.11.6
[0m09:43:18.138880 [debug] [MainThread]: Partial parsing enabled: 0 files deleted, 0 files added, 0 files changed.
[0m09:43:18.139103 [debug] [MainThread]: Nothing changed, skipping partial parsing.
[0m09:43:18.139210 [debug] [MainThread]: Partial parsing enabled, no changes found, skipping parsing
[0m09:43:18.153754 [debug] [MainThread]: Sending event: {'category': 'dbt', 'action': 'load_project', 'label': '22cf17d6-3346-4208-a233-308ba340e304', 'context': [<snowplow_tracker.self_describing_json.SelfDescribingJson object at 0x1116417c0>]}
[0m09:43:18.182912 [debug] [MainThread]: Wrote artifact WritableManifest to /Users/szabolcsszentes/Documents/projects/dbt_test_for_run/target/manifest.json
[0m09:43:18.184155 [debug] [MainThread]: Wrote artifact SemanticManifest to /Users/szabolcsszentes/Documents/projects/dbt_test_for_run/target/semantic_manifest.json
[0m09:43:18.189997 [debug] [MainThread]: Sending event: {'category': 'dbt', 'action': 'resource_counts', 'label': '22cf17d6-3346-4208-a233-308ba340e304', 'context': [<snowplow_tracker.self_describing_json.SelfDescribingJson object at 0x1117a2c10>]}
[0m09:43:18.190218 [info ] [MainThread]: Found 3 models, 1 seed, 731 macros
[0m09:43:18.190331 [debug] [MainThread]: Sending event: {'category': 'dbt', 'action': 'runnable_timing', 'label': '22cf17d6-3346-4208-a233-308ba340e304', 'context': [<snowplow_tracker.self_describing_json.SelfDescribingJson object at 0x11177a8f0>]}
[0m09:43:18.191390 [info ] [MainThread]: 
[0m09:43:18.191561 [info ] [MainThread]: Concurrency: 1 threads (target='databricks')
[0m09:43:18.191663 [info ] [MainThread]: 
[0m09:43:18.191903 [debug] [MainThread]: Databricks adapter: DatabricksDBTConnection(session-id=None, name=master) - Creating connection
[0m09:43:18.192023 [debug] [MainThread]: Acquiring new databricks connection 'master'
[0m09:43:18.192377 [debug] [ThreadPool]: Databricks adapter: DatabricksDBTConnection(session-id=None, name=list_datapao_cns) - Creating connection
[0m09:43:18.192514 [debug] [ThreadPool]: Acquiring new databricks connection 'list_datapao_cns'
[0m09:43:18.198216 [debug] [ThreadPool]: Using databricks connection "list_datapao_cns"
[0m09:43:18.198439 [debug] [ThreadPool]: On list_datapao_cns: /* {"app": "dbt", "dbt_version": "1.11.6", "dbt_databricks_version": "1.11.5", "databricks_sql_connector_version": "4.1.3", "profile_name": "dbt_test", "target_name": "databricks", "connection_name": "list_datapao_cns"} */

    

  SHOW SCHEMAS IN `datapao_cns`


  
[0m09:43:18.198554 [debug] [ThreadPool]: Opening a new connection, currently in state init
[0m09:43:18.364655 [debug] [ThreadPool]: Databricks adapter: Connection(session-id=01f11d26-5a21-1bdd-adf7-da9d8179f810) - Created
[0m09:43:18.746305 [debug] [ThreadPool]: SQL status: OK in 0.550 seconds
[0m09:43:18.757242 [debug] [ThreadPool]: Databricks adapter: Cursor(session-id=01f11d26-5a21-1bdd-adf7-da9d8179f810, command-id=01f11d26-5a2b-1dc1-bd42-94a7853a652f) - Closing
[0m09:43:18.757927 [debug] [ThreadPool]: On list_datapao_cns: Close
[0m09:43:18.758196 [debug] [ThreadPool]: Databricks adapter: Connection(session-id=01f11d26-5a21-1bdd-adf7-da9d8179f810) - Closing
[0m09:43:18.840606 [debug] [ThreadPool]: Databricks adapter: DatabricksDBTConnection(session-id=None, name=list_datapao_cns_dbt_test) - Creating connection
[0m09:43:18.841130 [debug] [ThreadPool]: Acquiring new databricks connection 'list_datapao_cns_dbt_test'
[0m09:43:18.847048 [debug] [ThreadPool]: Using databricks connection "list_datapao_cns_dbt_test"
[0m09:43:18.847357 [debug] [ThreadPool]: On list_datapao_cns_dbt_test: /* {"app": "dbt", "dbt_version": "1.11.6", "dbt_databricks_version": "1.11.5", "databricks_sql_connector_version": "4.1.3", "profile_name": "dbt_test", "target_name": "databricks", "connection_name": "list_datapao_cns_dbt_test"} */

    
SELECT
  table_name,
  if(table_type IN ('EXTERNAL', 'MANAGED', 'MANAGED_SHALLOW_CLONE', 'EXTERNAL_SHALLOW_CLONE'), 'table', lower(table_type)) AS table_type,
  lower(data_source_format) AS file_format,
  table_owner,
  if(
    table_type IN (
      'EXTERNAL',
      'MANAGED',
      'MANAGED_SHALLOW_CLONE',
      'EXTERNAL_SHALLOW_CLONE'
    ),
    lower(table_type),
    NULL
  ) AS databricks_table_type
FROM `system`.`information_schema`.`tables`
WHERE table_catalog = 'datapao_cns' 
  AND table_schema = 'dbt_test'

  
[0m09:43:18.848015 [debug] [ThreadPool]: Opening a new connection, currently in state init
[0m09:43:18.993791 [debug] [ThreadPool]: Databricks adapter: Connection(session-id=01f11d26-5a83-1797-bd62-07fa8c628915) - Created
[0m09:43:19.620131 [debug] [ThreadPool]: SQL status: OK in 0.770 seconds
[0m09:43:19.622994 [debug] [ThreadPool]: Databricks adapter: Cursor(session-id=01f11d26-5a83-1797-bd62-07fa8c628915, command-id=01f11d26-5a8c-1150-8b82-67e78b9a4b5c) - Closing
[0m09:43:19.623631 [debug] [ThreadPool]: On list_datapao_cns_dbt_test: Close
[0m09:43:19.624038 [debug] [ThreadPool]: Databricks adapter: Connection(session-id=01f11d26-5a83-1797-bd62-07fa8c628915) - Closing
[0m09:43:19.695221 [debug] [MainThread]: Sending event: {'category': 'dbt', 'action': 'runnable_timing', 'label': '22cf17d6-3346-4208-a233-308ba340e304', 'context': [<snowplow_tracker.self_describing_json.SelfDescribingJson object at 0x11161a690>]}
[0m09:43:19.698201 [debug] [Thread-3 (]: Began running node model.dbt_test.customers_model
[0m09:43:19.698472 [info ] [Thread-3 (]: 1 of 1 START sql table model dbt_test.customers_model .......................... [RUN]
[0m09:43:19.698761 [debug] [Thread-3 (]: Databricks adapter: DatabricksDBTConnection(session-id=None, name=model.dbt_test.customers_model) - Creating connection
[0m09:43:19.699046 [debug] [Thread-3 (]: Acquiring new databricks connection 'model.dbt_test.customers_model'
[0m09:43:19.699309 [debug] [Thread-3 (]: Began compiling node model.dbt_test.customers_model
[0m09:43:19.705416 [debug] [Thread-3 (]: Writing injected SQL for node "model.dbt_test.customers_model"
[0m09:43:19.706311 [debug] [Thread-3 (]: Began executing node model.dbt_test.customers_model
[0m09:43:19.718530 [debug] [Thread-3 (]: MATERIALIZING TABLE
[0m09:43:19.718937 [warn ] [Thread-3 (]: [[33mWARNING[0m]: Use revamped materializations based on separating create and insert.  This allows more performant column comments, as well as new column features.
You may opt into the new behavior sooner by setting `flags.use_materialization_v2` to `True` in `dbt_project.yml`.
Visit https://docs.getdbt.com/reference/global-configs/behavior-changes for more information.
[0m09:43:19.719125 [debug] [Thread-3 (]: Sending event: {'category': 'dbt', 'action': 'BehaviorChangeEvent', 'label': '22cf17d6-3346-4208-a233-308ba340e304', 'context': [<snowplow_tracker.self_describing_json.SelfDescribingJson object at 0x11166de90>]}
[0m09:43:19.740984 [debug] [Thread-3 (]: Writing runtime sql for node "model.dbt_test.customers_model"
[0m09:43:19.741719 [debug] [Thread-3 (]: Using databricks connection "model.dbt_test.customers_model"
[0m09:43:19.741934 [debug] [Thread-3 (]: On model.dbt_test.customers_model: /* {"app": "dbt", "dbt_version": "1.11.6", "dbt_databricks_version": "1.11.5", "databricks_sql_connector_version": "4.1.3", "profile_name": "dbt_test", "target_name": "databricks", "node_id": "model.dbt_test.customers_model"} */

  
    
        create or replace table `datapao_cns`.`dbt_test`.`customers_model`
      
      
    using delta
  
      
      
      
      
      
      
      
      as
      -- This model transforms customer data from the seed
-- It adds a full_name column and filters for recent signups

select
    customer_id,
    first_name,
    last_name,
    first_name || ' ' || last_name as full_name,
    email,
    signup_date,
    'active' as status
from `datapao_cns`.`dbt_test`.`customers`
where signup_date >= '2024-01-01'
  
[0m09:43:19.742098 [debug] [Thread-3 (]: Opening a new connection, currently in state init
[0m09:43:19.865627 [debug] [Thread-3 (]: Databricks adapter: Connection(session-id=01f11d26-5b09-1f41-b7ca-6d56fbd318c5) - Created
[0m09:43:23.352373 [debug] [Thread-3 (]: SQL status: OK in 3.610 seconds
[0m09:43:23.354481 [debug] [Thread-3 (]: Databricks adapter: Cursor(session-id=01f11d26-5b09-1f41-b7ca-6d56fbd318c5, command-id=01f11d26-5b10-1b5e-bb26-825906f62409) - Closing
[0m09:43:23.369136 [debug] [Thread-3 (]: Applying tags to relation None
[0m09:43:23.382061 [debug] [Thread-3 (]: On model.dbt_test.customers_model: Close
[0m09:43:23.382362 [debug] [Thread-3 (]: Databricks adapter: Connection(session-id=01f11d26-5b09-1f41-b7ca-6d56fbd318c5) - Closing
[0m09:43:23.441050 [debug] [Thread-3 (]: Sending event: {'category': 'dbt', 'action': 'run_model', 'label': '22cf17d6-3346-4208-a233-308ba340e304', 'context': [<snowplow_tracker.self_describing_json.SelfDescribingJson object at 0x1086665d0>]}
[0m09:43:23.441766 [info ] [Thread-3 (]: 1 of 1 OK created sql table model dbt_test.customers_model ..................... [[32mOK[0m in 3.74s]
[0m09:43:23.442196 [debug] [Thread-3 (]: Finished running node model.dbt_test.customers_model
[0m09:43:23.443103 [debug] [MainThread]: Databricks adapter: DatabricksDBTConnection(session-id=None, name=master) - Creating connection
[0m09:43:23.443378 [debug] [MainThread]: Acquiring new databricks connection 'master'
[0m09:43:23.443683 [info ] [MainThread]: 
[0m09:43:23.443897 [info ] [MainThread]: Finished running 1 table model in 0 hours 0 minutes and 5.25 seconds (5.25s).
[0m09:43:23.444349 [debug] [MainThread]: Command end result
[0m09:43:23.463394 [debug] [MainThread]: Wrote artifact WritableManifest to /Users/szabolcsszentes/Documents/projects/dbt_test_for_run/target/manifest.json
[0m09:43:23.464535 [debug] [MainThread]: Wrote artifact SemanticManifest to /Users/szabolcsszentes/Documents/projects/dbt_test_for_run/target/semantic_manifest.json
[0m09:43:23.468023 [debug] [MainThread]: Wrote artifact RunExecutionResult to /Users/szabolcsszentes/Documents/projects/dbt_test_for_run/target/run_results.json
[0m09:43:23.468226 [info ] [MainThread]: 
[0m09:43:23.468399 [info ] [MainThread]: [32mCompleted successfully[0m
[0m09:43:23.468533 [info ] [MainThread]: 
[0m09:43:23.468859 [info ] [MainThread]: Done. PASS=1 WARN=0 ERROR=0 SKIP=0 NO-OP=0 TOTAL=1
[0m09:43:23.471900 [debug] [MainThread]: Resource report: {"command_name": "run", "command_success": true, "command_wall_clock_time": 6.4262977, "process_in_blocks": "0", "process_kernel_time": 0.319299, "process_mem_max_rss": "253640704", "process_out_blocks": "0", "process_user_time": 1.322723}
[0m09:43:23.472184 [debug] [MainThread]: Command `dbt run` succeeded at 09:43:23.472140 after 6.43 seconds
[0m09:43:23.472381 [debug] [MainThread]: Sending event: {'category': 'dbt', 'action': 'invocation', 'label': 'end', 'context': [<snowplow_tracker.self_describing_json.SelfDescribingJson object at 0x1113da0d0>, <snowplow_tracker.self_describing_json.SelfDescribingJson object at 0x10867c350>, <snowplow_tracker.self_describing_json.SelfDescribingJson object at 0x1094190f0>]}
[0m09:43:23.472554 [debug] [MainThread]: Flushing usage events
[0m09:43:23.992537 [debug] [MainThread]: An error was encountered while trying to flush usage events
[0m09:46:03.940672 [debug] [MainThread]: Sending event: {'category': 'dbt', 'action': 'invocation', 'label': 'start', 'context': [<snowplow_tracker.self_describing_json.SelfDescribingJson object at 0x108af02f0>, <snowplow_tracker.self_describing_json.SelfDescribingJson object at 0x109bdb610>, <snowplow_tracker.self_describing_json.SelfDescribingJson object at 0x109bdb890>]}


============================== 09:46:03.943218 | 1ea6f4cc-e708-44e4-b770-0ec5e4d14e22 ==============================
[0m09:46:03.943218 [info ] [MainThread]: Running with dbt=1.11.6
[0m09:46:03.943473 [debug] [MainThread]: running dbt with arguments {'version_check': 'True', 'log_cache_events': 'False', 'cache_selected_only': 'False', 'profiles_dir': '.', 'invocation_command': 'dbt run --profiles-dir . --target databricks --log-level debug', 'fail_fast': 'False', 'use_colors': 'True', 'printer_width': '80', 'debug': 'False', 'introspect': 'True', 'indirect_selection': 'eager', 'quiet': 'False', 'write_json': 'True', 'send_anonymous_usage_stats': 'True', 'log_format': 'default', 'target_path': 'None', 'warn_error_options': 'WarnErrorOptionsV2(error=[], warn=[], silence=[])', 'empty': 'False', 'no_print': 'None', 'warn_error': 'None', 'static_parser': 'True', 'use_experimental_parser': 'False', 'partial_parse': 'True', 'log_path': '/Users/szabolcsszentes/Documents/projects/dbt_test_for_run/logs'}
[0m09:46:04.311827 [debug] [MainThread]: Spark adapter: Setting pyhive.hive logging to ERROR
[0m09:46:04.312096 [debug] [MainThread]: Spark adapter: Setting thrift.transport logging to ERROR
[0m09:46:04.312225 [debug] [MainThread]: Spark adapter: Setting thrift.protocol logging to ERROR
[0m09:46:04.797586 [debug] [MainThread]: Sending event: {'category': 'dbt', 'action': 'project_id', 'label': '1ea6f4cc-e708-44e4-b770-0ec5e4d14e22', 'context': [<snowplow_tracker.self_describing_json.SelfDescribingJson object at 0x108ee96e0>]}
[0m09:46:04.818854 [debug] [MainThread]: Sending event: {'category': 'dbt', 'action': 'adapter_info', 'label': '1ea6f4cc-e708-44e4-b770-0ec5e4d14e22', 'context': [<snowplow_tracker.self_describing_json.SelfDescribingJson object at 0x11197ee00>]}
[0m09:46:04.819242 [info ] [MainThread]: Registered adapter: databricks=1.11.5
[0m09:46:04.877325 [warn ] [MainThread]: [[33mWARNING[0m]: Use managed Iceberg tables when table_format is iceberg. When this flag is disabled, UniForm is used instead.
You may opt into the new behavior sooner by setting `flags.use_managed_iceberg` to `True` in `dbt_project.yml`.
Visit https://docs.getdbt.com/reference/global-configs/behavior-changes for more information.
[0m09:46:04.877711 [debug] [MainThread]: Sending event: {'category': 'dbt', 'action': 'BehaviorChangeEvent', 'label': '1ea6f4cc-e708-44e4-b770-0ec5e4d14e22', 'context': [<snowplow_tracker.self_describing_json.SelfDescribingJson object at 0x1118b3850>]}
[0m09:46:04.882854 [debug] [MainThread]: checksum: 6bff9b0fed7e2d76821166f4b272d8aa571bf0a0afe21c210d5eda6b781d3064, vars: {}, profile: , target: databricks, version: 1.11.6
[0m09:46:04.883346 [info ] [MainThread]: Unable to do partial parsing because saved manifest not found. Starting full parse.
[0m09:46:04.883462 [debug] [MainThread]: Sending event: {'category': 'dbt', 'action': 'partial_parser', 'label': '1ea6f4cc-e708-44e4-b770-0ec5e4d14e22', 'context': [<snowplow_tracker.self_describing_json.SelfDescribingJson object at 0x1119454f0>]}
[0m09:46:05.497114 [debug] [MainThread]: Sending event: {'category': 'dbt', 'action': 'load_project', 'label': '1ea6f4cc-e708-44e4-b770-0ec5e4d14e22', 'context': [<snowplow_tracker.self_describing_json.SelfDescribingJson object at 0x1119c2510>]}
[0m09:46:05.524237 [debug] [MainThread]: Wrote artifact WritableManifest to /Users/szabolcsszentes/Documents/projects/dbt_test_for_run/target/manifest.json
[0m09:46:05.525428 [debug] [MainThread]: Wrote artifact SemanticManifest to /Users/szabolcsszentes/Documents/projects/dbt_test_for_run/target/semantic_manifest.json
[0m09:46:05.531333 [debug] [MainThread]: Sending event: {'category': 'dbt', 'action': 'resource_counts', 'label': '1ea6f4cc-e708-44e4-b770-0ec5e4d14e22', 'context': [<snowplow_tracker.self_describing_json.SelfDescribingJson object at 0x1120f6000>]}
[0m09:46:05.531543 [info ] [MainThread]: Found 3 models, 1 seed, 731 macros
[0m09:46:05.531661 [debug] [MainThread]: Sending event: {'category': 'dbt', 'action': 'runnable_timing', 'label': '1ea6f4cc-e708-44e4-b770-0ec5e4d14e22', 'context': [<snowplow_tracker.self_describing_json.SelfDescribingJson object at 0x111e89250>]}
[0m09:46:05.532375 [info ] [MainThread]: 
[0m09:46:05.532498 [info ] [MainThread]: Concurrency: 1 threads (target='databricks')
[0m09:46:05.532592 [info ] [MainThread]: 
[0m09:46:05.532799 [debug] [MainThread]: Databricks adapter: DatabricksDBTConnection(session-id=None, name=master) - Creating connection
[0m09:46:05.532908 [debug] [MainThread]: Acquiring new databricks connection 'master'
[0m09:46:05.533261 [debug] [ThreadPool]: Databricks adapter: DatabricksDBTConnection(session-id=None, name=list_datapao_cns) - Creating connection
[0m09:46:05.533422 [debug] [ThreadPool]: Acquiring new databricks connection 'list_datapao_cns'
[0m09:46:05.538277 [debug] [ThreadPool]: Using databricks connection "list_datapao_cns"
[0m09:46:05.538473 [debug] [ThreadPool]: On list_datapao_cns: /* {"app": "dbt", "dbt_version": "1.11.6", "dbt_databricks_version": "1.11.5", "databricks_sql_connector_version": "4.1.3", "profile_name": "dbt_test", "target_name": "databricks", "connection_name": "list_datapao_cns"} */

    

  SHOW SCHEMAS IN `datapao_cns`


  
[0m09:46:05.538588 [debug] [ThreadPool]: Opening a new connection, currently in state init
[0m09:46:05.897225 [debug] [ThreadPool]: Databricks adapter: Connection(session-id=01f11d26-bdf2-1e5e-87bc-b27db9582964) - Created
[0m09:46:14.213555 [debug] [ThreadPool]: SQL status: OK in 8.670 seconds
[0m09:46:14.222964 [debug] [ThreadPool]: Databricks adapter: Cursor(session-id=01f11d26-bdf2-1e5e-87bc-b27db9582964, command-id=01f11d26-be08-11a9-acbd-6ccfe9894f0c) - Closing
[0m09:46:14.341587 [debug] [ThreadPool]: On list_datapao_cns: Close
[0m09:46:14.341957 [debug] [ThreadPool]: Databricks adapter: Connection(session-id=01f11d26-bdf2-1e5e-87bc-b27db9582964) - Closing
[0m09:46:14.411336 [debug] [ThreadPool]: Databricks adapter: DatabricksDBTConnection(session-id=None, name=list_datapao_cns_dbt_test) - Creating connection
[0m09:46:14.411896 [debug] [ThreadPool]: Acquiring new databricks connection 'list_datapao_cns_dbt_test'
[0m09:46:14.418055 [debug] [ThreadPool]: Using databricks connection "list_datapao_cns_dbt_test"
[0m09:46:14.418658 [debug] [ThreadPool]: On list_datapao_cns_dbt_test: /* {"app": "dbt", "dbt_version": "1.11.6", "dbt_databricks_version": "1.11.5", "databricks_sql_connector_version": "4.1.3", "profile_name": "dbt_test", "target_name": "databricks", "connection_name": "list_datapao_cns_dbt_test"} */

    
SELECT
  table_name,
  if(table_type IN ('EXTERNAL', 'MANAGED', 'MANAGED_SHALLOW_CLONE', 'EXTERNAL_SHALLOW_CLONE'), 'table', lower(table_type)) AS table_type,
  lower(data_source_format) AS file_format,
  table_owner,
  if(
    table_type IN (
      'EXTERNAL',
      'MANAGED',
      'MANAGED_SHALLOW_CLONE',
      'EXTERNAL_SHALLOW_CLONE'
    ),
    lower(table_type),
    NULL
  ) AS databricks_table_type
FROM `system`.`information_schema`.`tables`
WHERE table_catalog = 'datapao_cns' 
  AND table_schema = 'dbt_test'

  
[0m09:46:14.418915 [debug] [ThreadPool]: Opening a new connection, currently in state init
[0m09:46:14.565988 [debug] [ThreadPool]: Databricks adapter: Connection(session-id=01f11d26-c329-170a-995b-3fc52bdee383) - Created
[0m09:46:16.772318 [debug] [ThreadPool]: SQL status: OK in 2.350 seconds
[0m09:46:16.775961 [debug] [ThreadPool]: Databricks adapter: Cursor(session-id=01f11d26-c329-170a-995b-3fc52bdee383, command-id=01f11d26-c332-16f8-9180-a7753043d5e0) - Closing
[0m09:46:16.776626 [debug] [ThreadPool]: On list_datapao_cns_dbt_test: Close
[0m09:46:16.776870 [debug] [ThreadPool]: Databricks adapter: Connection(session-id=01f11d26-c329-170a-995b-3fc52bdee383) - Closing
[0m09:46:16.846669 [debug] [MainThread]: Sending event: {'category': 'dbt', 'action': 'runnable_timing', 'label': '1ea6f4cc-e708-44e4-b770-0ec5e4d14e22', 'context': [<snowplow_tracker.self_describing_json.SelfDescribingJson object at 0x112114c00>]}
[0m09:46:16.849395 [debug] [Thread-3 (]: Began running node model.dbt_test.customers_model
[0m09:46:16.849820 [info ] [Thread-3 (]: 1 of 1 START sql table model dbt_test.customers_model .......................... [RUN]
[0m09:46:16.850204 [debug] [Thread-3 (]: Databricks adapter: DatabricksDBTConnection(session-id=None, name=model.dbt_test.customers_model) - Creating connection
[0m09:46:16.850468 [debug] [Thread-3 (]: Acquiring new databricks connection 'model.dbt_test.customers_model'
[0m09:46:16.850595 [debug] [Thread-3 (]: Began compiling node model.dbt_test.customers_model
[0m09:46:16.857196 [debug] [Thread-3 (]: Writing injected SQL for node "model.dbt_test.customers_model"
[0m09:46:16.858217 [debug] [Thread-3 (]: Began executing node model.dbt_test.customers_model
[0m09:46:16.866809 [debug] [Thread-3 (]: MATERIALIZING TABLE
[0m09:46:16.867244 [warn ] [Thread-3 (]: [[33mWARNING[0m]: Use revamped materializations based on separating create and insert.  This allows more performant column comments, as well as new column features.
You may opt into the new behavior sooner by setting `flags.use_materialization_v2` to `True` in `dbt_project.yml`.
Visit https://docs.getdbt.com/reference/global-configs/behavior-changes for more information.
[0m09:46:16.867487 [debug] [Thread-3 (]: Sending event: {'category': 'dbt', 'action': 'BehaviorChangeEvent', 'label': '1ea6f4cc-e708-44e4-b770-0ec5e4d14e22', 'context': [<snowplow_tracker.self_describing_json.SelfDescribingJson object at 0x1121bdd10>]}
[0m09:46:16.889532 [debug] [Thread-3 (]: Writing runtime sql for node "model.dbt_test.customers_model"
[0m09:46:16.890346 [debug] [Thread-3 (]: Using databricks connection "model.dbt_test.customers_model"
[0m09:46:16.890551 [debug] [Thread-3 (]: On model.dbt_test.customers_model: /* {"app": "dbt", "dbt_version": "1.11.6", "dbt_databricks_version": "1.11.5", "databricks_sql_connector_version": "4.1.3", "profile_name": "dbt_test", "target_name": "databricks", "node_id": "model.dbt_test.customers_model"} */

  
    
        create or replace table `datapao_cns`.`dbt_test`.`customers_model`
      
      
    using delta
  
      
      
      
      
      
      
      
      as
      -- This model transforms customer data from the seed
-- It adds a full_name column and filters for recent signups

select
    customer_id,
    first_name,
    last_name,
    first_name || ' ' || last_name as full_name,
    email,
    signup_date,
    'active' as status
from `datapao_cns`.`dbt_test`.`customers`
where signup_date >= '2024-01-01'
  
[0m09:46:16.890726 [debug] [Thread-3 (]: Opening a new connection, currently in state init
[0m09:46:17.026528 [debug] [Thread-3 (]: Databricks adapter: Connection(session-id=01f11d26-c4a1-1521-bac7-af015691d929) - Created
[0m09:46:22.922432 [debug] [Thread-3 (]: SQL status: OK in 6.030 seconds
[0m09:46:22.925011 [debug] [Thread-3 (]: Databricks adapter: Cursor(session-id=01f11d26-c4a1-1521-bac7-af015691d929, command-id=01f11d26-c4a9-1ff0-9c44-312dfd60590d) - Closing
[0m09:46:23.040948 [debug] [Thread-3 (]: Applying tags to relation None
[0m09:46:23.054782 [debug] [Thread-3 (]: On model.dbt_test.customers_model: Close
[0m09:46:23.055104 [debug] [Thread-3 (]: Databricks adapter: Connection(session-id=01f11d26-c4a1-1521-bac7-af015691d929) - Closing
[0m09:46:23.125393 [debug] [Thread-3 (]: Sending event: {'category': 'dbt', 'action': 'run_model', 'label': '1ea6f4cc-e708-44e4-b770-0ec5e4d14e22', 'context': [<snowplow_tracker.self_describing_json.SelfDescribingJson object at 0x108e8c0d0>]}
[0m09:46:23.126132 [info ] [Thread-3 (]: 1 of 1 OK created sql table model dbt_test.customers_model ..................... [[32mOK[0m in 6.27s]
[0m09:46:23.126669 [debug] [Thread-3 (]: Finished running node model.dbt_test.customers_model
[0m09:46:23.127867 [debug] [MainThread]: Databricks adapter: DatabricksDBTConnection(session-id=None, name=master) - Creating connection
[0m09:46:23.128188 [debug] [MainThread]: Acquiring new databricks connection 'master'
[0m09:46:23.128545 [info ] [MainThread]: 
[0m09:46:23.128783 [info ] [MainThread]: Finished running 1 table model in 0 hours 0 minutes and 17.60 seconds (17.60s).
[0m09:46:23.129245 [debug] [MainThread]: Command end result
[0m09:46:23.152451 [debug] [MainThread]: Wrote artifact WritableManifest to /Users/szabolcsszentes/Documents/projects/dbt_test_for_run/target/manifest.json
[0m09:46:23.153951 [debug] [MainThread]: Wrote artifact SemanticManifest to /Users/szabolcsszentes/Documents/projects/dbt_test_for_run/target/semantic_manifest.json
[0m09:46:23.157322 [debug] [MainThread]: Wrote artifact RunExecutionResult to /Users/szabolcsszentes/Documents/projects/dbt_test_for_run/target/run_results.json
[0m09:46:23.157507 [info ] [MainThread]: 
[0m09:46:23.157686 [info ] [MainThread]: [32mCompleted successfully[0m
[0m09:46:23.157810 [info ] [MainThread]: 
[0m09:46:23.158209 [info ] [MainThread]: Done. PASS=1 WARN=0 ERROR=0 SKIP=0 NO-OP=0 TOTAL=1
[0m09:46:23.161284 [debug] [MainThread]: Resource report: {"command_name": "run", "command_success": true, "command_wall_clock_time": 19.249853, "process_in_blocks": "0", "process_kernel_time": 0.323447, "process_mem_max_rss": "255393792", "process_out_blocks": "0", "process_user_time": 1.861754}
[0m09:46:23.161546 [debug] [MainThread]: Command `dbt run` succeeded at 09:46:23.161502 after 19.25 seconds
[0m09:46:23.161738 [debug] [MainThread]: Sending event: {'category': 'dbt', 'action': 'invocation', 'label': 'end', 'context': [<snowplow_tracker.self_describing_json.SelfDescribingJson object at 0x109c3d0f0>, <snowplow_tracker.self_describing_json.SelfDescribingJson object at 0x100cbbd20>, <snowplow_tracker.self_describing_json.SelfDescribingJson object at 0x111efeed0>]}
[0m09:46:23.161911 [debug] [MainThread]: Flushing usage events
[0m09:46:23.737192 [debug] [MainThread]: An error was encountered while trying to flush usage events
[0m09:50:04.365413 [debug] [MainThread]: Sending event: {'category': 'dbt', 'action': 'invocation', 'label': 'start', 'context': [<snowplow_tracker.self_describing_json.SelfDescribingJson object at 0x10ab442f0>, <snowplow_tracker.self_describing_json.SelfDescribingJson object at 0x10bc37610>, <snowplow_tracker.self_describing_json.SelfDescribingJson object at 0x10bc37890>]}


============================== 09:50:04.368002 | 1c9b567b-1f9a-4002-8423-05305bc506a0 ==============================
[0m09:50:04.368002 [info ] [MainThread]: Running with dbt=1.11.6
[0m09:50:04.368249 [debug] [MainThread]: running dbt with arguments {'quiet': 'False', 'printer_width': '80', 'debug': 'False', 'log_cache_events': 'False', 'partial_parse': 'True', 'static_parser': 'True', 'use_experimental_parser': 'False', 'target_path': 'None', 'warn_error_options': 'WarnErrorOptionsV2(error=[], warn=[], silence=[])', 'warn_error': 'None', 'version_check': 'True', 'no_print': 'None', 'empty': 'None', 'log_path': '/Users/szabolcsszentes/Documents/projects/dbt_test_for_run/logs', 'indirect_selection': 'eager', 'send_anonymous_usage_stats': 'True', 'log_format': 'default', 'introspect': 'True', 'cache_selected_only': 'False', 'fail_fast': 'False', 'use_colors': 'True', 'profiles_dir': '.', 'invocation_command': 'dbt ls --profiles-dir . --target databricks --resource-type model', 'write_json': 'True'}
[0m09:50:04.736031 [debug] [MainThread]: Spark adapter: Setting pyhive.hive logging to ERROR
[0m09:50:04.736249 [debug] [MainThread]: Spark adapter: Setting thrift.transport logging to ERROR
[0m09:50:04.736362 [debug] [MainThread]: Spark adapter: Setting thrift.protocol logging to ERROR
[0m09:50:05.233647 [debug] [MainThread]: Sending event: {'category': 'dbt', 'action': 'project_id', 'label': '1c9b567b-1f9a-4002-8423-05305bc506a0', 'context': [<snowplow_tracker.self_describing_json.SelfDescribingJson object at 0x10af416e0>]}
[0m09:50:05.253585 [debug] [MainThread]: Sending event: {'category': 'dbt', 'action': 'adapter_info', 'label': '1c9b567b-1f9a-4002-8423-05305bc506a0', 'context': [<snowplow_tracker.self_describing_json.SelfDescribingJson object at 0x113a0af10>]}
[0m09:50:05.253873 [info ] [MainThread]: Registered adapter: databricks=1.11.5
[0m09:50:05.313168 [warn ] [MainThread]: [[33mWARNING[0m]: Use managed Iceberg tables when table_format is iceberg. When this flag is disabled, UniForm is used instead.
You may opt into the new behavior sooner by setting `flags.use_managed_iceberg` to `True` in `dbt_project.yml`.
Visit https://docs.getdbt.com/reference/global-configs/behavior-changes for more information.
[0m09:50:05.313588 [debug] [MainThread]: Sending event: {'category': 'dbt', 'action': 'BehaviorChangeEvent', 'label': '1c9b567b-1f9a-4002-8423-05305bc506a0', 'context': [<snowplow_tracker.self_describing_json.SelfDescribingJson object at 0x11394f850>]}
[0m09:50:05.318957 [debug] [MainThread]: checksum: 6bff9b0fed7e2d76821166f4b272d8aa571bf0a0afe21c210d5eda6b781d3064, vars: {}, profile: , target: databricks, version: 1.11.6
[0m09:50:05.380157 [debug] [MainThread]: Partial parsing enabled: 0 files deleted, 0 files added, 0 files changed.
[0m09:50:05.380336 [debug] [MainThread]: Nothing changed, skipping partial parsing.
[0m09:50:05.380424 [debug] [MainThread]: Partial parsing enabled, no changes found, skipping parsing
[0m09:50:05.393175 [debug] [MainThread]: Sending event: {'category': 'dbt', 'action': 'load_project', 'label': '1c9b567b-1f9a-4002-8423-05305bc506a0', 'context': [<snowplow_tracker.self_describing_json.SelfDescribingJson object at 0x113ec18b0>]}
[0m09:50:05.419197 [debug] [MainThread]: Wrote artifact WritableManifest to /Users/szabolcsszentes/Documents/projects/dbt_test_for_run/target/manifest.json
[0m09:50:05.420348 [debug] [MainThread]: Wrote artifact SemanticManifest to /Users/szabolcsszentes/Documents/projects/dbt_test_for_run/target/semantic_manifest.json
[0m09:50:05.425002 [debug] [MainThread]: Sending event: {'category': 'dbt', 'action': 'resource_counts', 'label': '1c9b567b-1f9a-4002-8423-05305bc506a0', 'context': [<snowplow_tracker.self_describing_json.SelfDescribingJson object at 0x113c527b0>]}
[0m09:50:05.425165 [info ] [MainThread]: Found 3 models, 1 seed, 731 macros
[0m09:50:05.425285 [debug] [MainThread]: Sending event: {'category': 'dbt', 'action': 'runnable_timing', 'label': '1c9b567b-1f9a-4002-8423-05305bc506a0', 'context': [<snowplow_tracker.self_describing_json.SelfDescribingJson object at 0x11400ad00>]}
[0m09:50:05.425610 [info ] [MainThread]: dbt_test.first_group.customers_model
[0m09:50:05.425721 [info ] [MainThread]: dbt_test.second_group.modified_customers
[0m09:50:05.425811 [info ] [MainThread]: dbt_test.second_group.selected_customers
[0m09:50:05.427918 [debug] [MainThread]: Resource report: {"command_name": "list", "command_success": true, "command_wall_clock_time": 1.091296, "process_in_blocks": "0", "process_kernel_time": 0.275764, "process_mem_max_rss": "243384320", "process_out_blocks": "0", "process_user_time": 1.121859}
[0m09:50:05.428190 [debug] [MainThread]: Command `dbt ls` succeeded at 09:50:05.428153 after 1.09 seconds
[0m09:50:05.428338 [debug] [MainThread]: Sending event: {'category': 'dbt', 'action': 'invocation', 'label': 'end', 'context': [<snowplow_tracker.self_describing_json.SelfDescribingJson object at 0x10ba2ba10>, <snowplow_tracker.self_describing_json.SelfDescribingJson object at 0x113efd020>, <snowplow_tracker.self_describing_json.SelfDescribingJson object at 0x113efd0d0>]}
[0m09:50:05.428445 [debug] [MainThread]: Flushing usage events
[0m09:50:06.007936 [debug] [MainThread]: An error was encountered while trying to flush usage events
[0m09:50:16.259144 [debug] [MainThread]: Sending event: {'category': 'dbt', 'action': 'invocation', 'label': 'start', 'context': [<snowplow_tracker.self_describing_json.SelfDescribingJson object at 0x10cd342f0>, <snowplow_tracker.self_describing_json.SelfDescribingJson object at 0x10de23610>, <snowplow_tracker.self_describing_json.SelfDescribingJson object at 0x10de23890>]}


============================== 09:50:16.261506 | 0a86ce3f-7c13-43ec-a948-b1c976fec0e2 ==============================
[0m09:50:16.261506 [info ] [MainThread]: Running with dbt=1.11.6
[0m09:50:16.261747 [debug] [MainThread]: running dbt with arguments {'no_print': 'None', 'introspect': 'True', 'invocation_command': 'dbt run --profiles-dir . --target databricks', 'use_colors': 'True', 'log_format': 'default', 'cache_selected_only': 'False', 'log_cache_events': 'False', 'printer_width': '80', 'target_path': 'None', 'fail_fast': 'False', 'send_anonymous_usage_stats': 'True', 'version_check': 'True', 'quiet': 'False', 'write_json': 'True', 'warn_error_options': 'WarnErrorOptionsV2(error=[], warn=[], silence=[])', 'empty': 'False', 'warn_error': 'None', 'static_parser': 'True', 'indirect_selection': 'eager', 'partial_parse': 'True', 'profiles_dir': '.', 'log_path': '/Users/szabolcsszentes/Documents/projects/dbt_test_for_run/logs', 'use_experimental_parser': 'False', 'debug': 'False'}
[0m09:50:16.635941 [debug] [MainThread]: Spark adapter: Setting pyhive.hive logging to ERROR
[0m09:50:16.636218 [debug] [MainThread]: Spark adapter: Setting thrift.transport logging to ERROR
[0m09:50:16.636325 [debug] [MainThread]: Spark adapter: Setting thrift.protocol logging to ERROR
[0m09:50:17.127002 [debug] [MainThread]: Sending event: {'category': 'dbt', 'action': 'project_id', 'label': '0a86ce3f-7c13-43ec-a948-b1c976fec0e2', 'context': [<snowplow_tracker.self_describing_json.SelfDescribingJson object at 0x10d1316e0>]}
[0m09:50:17.145874 [debug] [MainThread]: Sending event: {'category': 'dbt', 'action': 'adapter_info', 'label': '0a86ce3f-7c13-43ec-a948-b1c976fec0e2', 'context': [<snowplow_tracker.self_describing_json.SelfDescribingJson object at 0x115bcae00>]}
[0m09:50:17.146194 [info ] [MainThread]: Registered adapter: databricks=1.11.5
[0m09:50:17.204064 [warn ] [MainThread]: [[33mWARNING[0m]: Use managed Iceberg tables when table_format is iceberg. When this flag is disabled, UniForm is used instead.
You may opt into the new behavior sooner by setting `flags.use_managed_iceberg` to `True` in `dbt_project.yml`.
Visit https://docs.getdbt.com/reference/global-configs/behavior-changes for more information.
[0m09:50:17.204445 [debug] [MainThread]: Sending event: {'category': 'dbt', 'action': 'BehaviorChangeEvent', 'label': '0a86ce3f-7c13-43ec-a948-b1c976fec0e2', 'context': [<snowplow_tracker.self_describing_json.SelfDescribingJson object at 0x115afb850>]}
[0m09:50:17.209289 [debug] [MainThread]: checksum: 6bff9b0fed7e2d76821166f4b272d8aa571bf0a0afe21c210d5eda6b781d3064, vars: {}, profile: , target: databricks, version: 1.11.6
[0m09:50:17.264504 [debug] [MainThread]: Partial parsing enabled: 0 files deleted, 0 files added, 0 files changed.
[0m09:50:17.264712 [debug] [MainThread]: Nothing changed, skipping partial parsing.
[0m09:50:17.264807 [debug] [MainThread]: Partial parsing enabled, no changes found, skipping parsing
[0m09:50:17.277620 [debug] [MainThread]: Sending event: {'category': 'dbt', 'action': 'load_project', 'label': '0a86ce3f-7c13-43ec-a948-b1c976fec0e2', 'context': [<snowplow_tracker.self_describing_json.SelfDescribingJson object at 0x1160719a0>]}
[0m09:50:17.303463 [debug] [MainThread]: Wrote artifact WritableManifest to /Users/szabolcsszentes/Documents/projects/dbt_test_for_run/target/manifest.json
[0m09:50:17.304488 [debug] [MainThread]: Wrote artifact SemanticManifest to /Users/szabolcsszentes/Documents/projects/dbt_test_for_run/target/semantic_manifest.json
[0m09:50:17.309215 [debug] [MainThread]: Sending event: {'category': 'dbt', 'action': 'resource_counts', 'label': '0a86ce3f-7c13-43ec-a948-b1c976fec0e2', 'context': [<snowplow_tracker.self_describing_json.SelfDescribingJson object at 0x1161e2c10>]}
[0m09:50:17.309412 [info ] [MainThread]: Found 3 models, 1 seed, 731 macros
[0m09:50:17.309539 [debug] [MainThread]: Sending event: {'category': 'dbt', 'action': 'runnable_timing', 'label': '0a86ce3f-7c13-43ec-a948-b1c976fec0e2', 'context': [<snowplow_tracker.self_describing_json.SelfDescribingJson object at 0x1161ba8f0>]}
[0m09:50:17.310205 [info ] [MainThread]: 
[0m09:50:17.310334 [info ] [MainThread]: Concurrency: 1 threads (target='databricks')
[0m09:50:17.310429 [info ] [MainThread]: 
[0m09:50:17.310647 [debug] [MainThread]: Databricks adapter: DatabricksDBTConnection(session-id=None, name=master) - Creating connection
[0m09:50:17.310754 [debug] [MainThread]: Acquiring new databricks connection 'master'
[0m09:50:17.311099 [debug] [ThreadPool]: Databricks adapter: DatabricksDBTConnection(session-id=None, name=list_datapao_cns) - Creating connection
[0m09:50:17.311238 [debug] [ThreadPool]: Acquiring new databricks connection 'list_datapao_cns'
[0m09:50:17.316370 [debug] [ThreadPool]: Using databricks connection "list_datapao_cns"
[0m09:50:17.316505 [debug] [ThreadPool]: On list_datapao_cns: /* {"app": "dbt", "dbt_version": "1.11.6", "dbt_databricks_version": "1.11.5", "databricks_sql_connector_version": "4.1.3", "profile_name": "dbt_test", "target_name": "databricks", "connection_name": "list_datapao_cns"} */

    

  SHOW SCHEMAS IN `datapao_cns`


  
[0m09:50:17.316596 [debug] [ThreadPool]: Opening a new connection, currently in state init
[0m09:50:17.561979 [debug] [ThreadPool]: Databricks adapter: Connection(session-id=01f11d27-53f5-1374-ada6-1b93793ebcba) - Created
[0m09:50:24.773370 [debug] [ThreadPool]: SQL status: OK in 7.460 seconds
[0m09:50:24.783447 [debug] [ThreadPool]: Databricks adapter: Cursor(session-id=01f11d27-53f5-1374-ada6-1b93793ebcba, command-id=01f11d27-5409-1050-84af-abb2902aaee6) - Closing
[0m09:50:24.928000 [debug] [ThreadPool]: On list_datapao_cns: Close
[0m09:50:24.929715 [debug] [ThreadPool]: Databricks adapter: Connection(session-id=01f11d27-53f5-1374-ada6-1b93793ebcba) - Closing
[0m09:50:25.011128 [debug] [ThreadPool]: Databricks adapter: DatabricksDBTConnection(session-id=None, name=list_datapao_cns_dbt_test) - Creating connection
[0m09:50:25.011541 [debug] [ThreadPool]: Acquiring new databricks connection 'list_datapao_cns_dbt_test'
[0m09:50:25.017122 [debug] [ThreadPool]: Using databricks connection "list_datapao_cns_dbt_test"
[0m09:50:25.017402 [debug] [ThreadPool]: On list_datapao_cns_dbt_test: /* {"app": "dbt", "dbt_version": "1.11.6", "dbt_databricks_version": "1.11.5", "databricks_sql_connector_version": "4.1.3", "profile_name": "dbt_test", "target_name": "databricks", "connection_name": "list_datapao_cns_dbt_test"} */

    
SELECT
  table_name,
  if(table_type IN ('EXTERNAL', 'MANAGED', 'MANAGED_SHALLOW_CLONE', 'EXTERNAL_SHALLOW_CLONE'), 'table', lower(table_type)) AS table_type,
  lower(data_source_format) AS file_format,
  table_owner,
  if(
    table_type IN (
      'EXTERNAL',
      'MANAGED',
      'MANAGED_SHALLOW_CLONE',
      'EXTERNAL_SHALLOW_CLONE'
    ),
    lower(table_type),
    NULL
  ) AS databricks_table_type
FROM `system`.`information_schema`.`tables`
WHERE table_catalog = 'datapao_cns' 
  AND table_schema = 'dbt_test'

  
[0m09:50:25.017623 [debug] [ThreadPool]: Opening a new connection, currently in state init
[0m09:50:25.156082 [debug] [ThreadPool]: Databricks adapter: Connection(session-id=01f11d27-5886-1d72-af50-5a734e604957) - Created
[0m09:50:27.578920 [debug] [ThreadPool]: SQL status: OK in 2.560 seconds
[0m09:50:27.584037 [debug] [ThreadPool]: Databricks adapter: Cursor(session-id=01f11d27-5886-1d72-af50-5a734e604957, command-id=01f11d27-588f-1491-b275-46d0dd5b62c1) - Closing
[0m09:50:27.585140 [debug] [ThreadPool]: On list_datapao_cns_dbt_test: Close
[0m09:50:27.585441 [debug] [ThreadPool]: Databricks adapter: Connection(session-id=01f11d27-5886-1d72-af50-5a734e604957) - Closing
[0m09:50:27.650345 [debug] [MainThread]: Sending event: {'category': 'dbt', 'action': 'runnable_timing', 'label': '0a86ce3f-7c13-43ec-a948-b1c976fec0e2', 'context': [<snowplow_tracker.self_describing_json.SelfDescribingJson object at 0x11605e5d0>]}
[0m09:50:27.654931 [debug] [Thread-3 (]: Began running node model.dbt_test.customers_model
[0m09:50:27.655600 [info ] [Thread-3 (]: 1 of 1 START sql table model dbt_test.customers_model .......................... [RUN]
[0m09:50:27.656417 [debug] [Thread-3 (]: Databricks adapter: DatabricksDBTConnection(session-id=None, name=model.dbt_test.customers_model) - Creating connection
[0m09:50:27.656778 [debug] [Thread-3 (]: Acquiring new databricks connection 'model.dbt_test.customers_model'
[0m09:50:27.657103 [debug] [Thread-3 (]: Began compiling node model.dbt_test.customers_model
[0m09:50:27.664890 [debug] [Thread-3 (]: Writing injected SQL for node "model.dbt_test.customers_model"
[0m09:50:27.665959 [debug] [Thread-3 (]: Began executing node model.dbt_test.customers_model
[0m09:50:27.679628 [debug] [Thread-3 (]: MATERIALIZING TABLE
[0m09:50:27.680023 [warn ] [Thread-3 (]: [[33mWARNING[0m]: Use revamped materializations based on separating create and insert.  This allows more performant column comments, as well as new column features.
You may opt into the new behavior sooner by setting `flags.use_materialization_v2` to `True` in `dbt_project.yml`.
Visit https://docs.getdbt.com/reference/global-configs/behavior-changes for more information.
[0m09:50:27.680289 [debug] [Thread-3 (]: Sending event: {'category': 'dbt', 'action': 'BehaviorChangeEvent', 'label': '0a86ce3f-7c13-43ec-a948-b1c976fec0e2', 'context': [<snowplow_tracker.self_describing_json.SelfDescribingJson object at 0x1160ae2b0>]}
[0m09:50:27.704297 [debug] [Thread-3 (]: Writing runtime sql for node "model.dbt_test.customers_model"
[0m09:50:27.704891 [debug] [Thread-3 (]: Using databricks connection "model.dbt_test.customers_model"
[0m09:50:27.705091 [debug] [Thread-3 (]: On model.dbt_test.customers_model: /* {"app": "dbt", "dbt_version": "1.11.6", "dbt_databricks_version": "1.11.5", "databricks_sql_connector_version": "4.1.3", "profile_name": "dbt_test", "target_name": "databricks", "node_id": "model.dbt_test.customers_model"} */

  
    
        create or replace table `datapao_cns`.`dbt_test`.`customers_model`
      
      
    using delta
  
      
      
      
      
      
      
      
      as
      -- This model transforms customer data from the seed
-- It adds a full_name column and filters for recent signups

select
    customer_id,
    first_name,
    last_name,
    first_name || ' ' || last_name as full_name,
    email,
    signup_date,
    'active' as status
from `datapao_cns`.`dbt_test`.`customers`
where signup_date >= '2024-01-01'
  
[0m09:50:27.705255 [debug] [Thread-3 (]: Opening a new connection, currently in state init
[0m09:50:27.835391 [debug] [Thread-3 (]: Databricks adapter: Connection(session-id=01f11d27-5a20-198b-bac5-1c099a2052e1) - Created
[0m09:50:34.286913 [debug] [Thread-3 (]: SQL status: OK in 6.580 seconds
[0m09:50:34.288741 [debug] [Thread-3 (]: Databricks adapter: Cursor(session-id=01f11d27-5a20-198b-bac5-1c099a2052e1, command-id=01f11d27-5a28-11a2-ba7a-46b32706b52b) - Closing
[0m09:50:34.408507 [debug] [Thread-3 (]: Applying tags to relation None
[0m09:50:34.420437 [debug] [Thread-3 (]: On model.dbt_test.customers_model: Close
[0m09:50:34.420701 [debug] [Thread-3 (]: Databricks adapter: Connection(session-id=01f11d27-5a20-198b-bac5-1c099a2052e1) - Closing
[0m09:50:34.484611 [debug] [Thread-3 (]: Sending event: {'category': 'dbt', 'action': 'run_model', 'label': '0a86ce3f-7c13-43ec-a948-b1c976fec0e2', 'context': [<snowplow_tracker.self_describing_json.SelfDescribingJson object at 0x10d0ca5d0>]}
[0m09:50:34.485271 [info ] [Thread-3 (]: 1 of 1 OK created sql table model dbt_test.customers_model ..................... [[32mOK[0m in 6.83s]
[0m09:50:34.485755 [debug] [Thread-3 (]: Finished running node model.dbt_test.customers_model
[0m09:50:34.486721 [debug] [MainThread]: Databricks adapter: DatabricksDBTConnection(session-id=None, name=master) - Creating connection
[0m09:50:34.486988 [debug] [MainThread]: Acquiring new databricks connection 'master'
[0m09:50:34.487296 [info ] [MainThread]: 
[0m09:50:34.487550 [info ] [MainThread]: Finished running 1 table model in 0 hours 0 minutes and 17.18 seconds (17.18s).
[0m09:50:34.488057 [debug] [MainThread]: Command end result
[0m09:50:34.507949 [debug] [MainThread]: Wrote artifact WritableManifest to /Users/szabolcsszentes/Documents/projects/dbt_test_for_run/target/manifest.json
[0m09:50:34.509240 [debug] [MainThread]: Wrote artifact SemanticManifest to /Users/szabolcsszentes/Documents/projects/dbt_test_for_run/target/semantic_manifest.json
[0m09:50:34.512881 [debug] [MainThread]: Wrote artifact RunExecutionResult to /Users/szabolcsszentes/Documents/projects/dbt_test_for_run/target/run_results.json
[0m09:50:34.513059 [info ] [MainThread]: 
[0m09:50:34.513267 [info ] [MainThread]: [32mCompleted successfully[0m
[0m09:50:34.513410 [info ] [MainThread]: 
[0m09:50:34.513565 [info ] [MainThread]: Done. PASS=1 WARN=0 ERROR=0 SKIP=0 NO-OP=0 TOTAL=1
[0m09:50:34.516709 [debug] [MainThread]: Resource report: {"command_name": "run", "command_success": true, "command_wall_clock_time": 18.28568, "process_in_blocks": "0", "process_kernel_time": 0.286931, "process_mem_max_rss": "250413056", "process_out_blocks": "0", "process_user_time": 1.372173}
[0m09:50:34.516969 [debug] [MainThread]: Command `dbt run` succeeded at 09:50:34.516921 after 18.29 seconds
[0m09:50:34.517173 [debug] [MainThread]: Sending event: {'category': 'dbt', 'action': 'invocation', 'label': 'end', 'context': [<snowplow_tracker.self_describing_json.SelfDescribingJson object at 0x115e1a050>, <snowplow_tracker.self_describing_json.SelfDescribingJson object at 0x10d0e0450>, <snowplow_tracker.self_describing_json.SelfDescribingJson object at 0x10de78de0>]}
[0m09:50:34.517346 [debug] [MainThread]: Flushing usage events
[0m09:50:35.028730 [debug] [MainThread]: An error was encountered while trying to flush usage events
[0m09:53:51.598453 [debug] [MainThread]: Sending event: {'category': 'dbt', 'action': 'invocation', 'label': 'start', 'context': [<snowplow_tracker.self_describing_json.SelfDescribingJson object at 0x10c1402f0>, <snowplow_tracker.self_describing_json.SelfDescribingJson object at 0x10d22b610>, <snowplow_tracker.self_describing_json.SelfDescribingJson object at 0x10d22b890>]}


============================== 09:53:51.601012 | 3e73bb31-a6da-48b3-92bd-bc8585910e57 ==============================
[0m09:53:51.601012 [info ] [MainThread]: Running with dbt=1.11.6
[0m09:53:51.601258 [debug] [MainThread]: running dbt with arguments {'warn_error_options': 'WarnErrorOptionsV2(error=[], warn=[], silence=[])', 'indirect_selection': 'eager', 'version_check': 'True', 'profiles_dir': '.', 'send_anonymous_usage_stats': 'True', 'warn_error': 'None', 'cache_selected_only': 'False', 'log_cache_events': 'False', 'introspect': 'True', 'quiet': 'False', 'use_experimental_parser': 'False', 'printer_width': '80', 'write_json': 'True', 'static_parser': 'True', 'invocation_command': 'dbt run --profiles-dir . --target databricks --log-level debug', 'log_format': 'default', 'use_colors': 'True', 'empty': 'False', 'no_print': 'None', 'partial_parse': 'True', 'target_path': 'None', 'fail_fast': 'False', 'log_path': '/Users/szabolcsszentes/Documents/projects/dbt_test_for_run/logs', 'debug': 'False'}
[0m09:53:51.977937 [debug] [MainThread]: Spark adapter: Setting pyhive.hive logging to ERROR
[0m09:53:51.978195 [debug] [MainThread]: Spark adapter: Setting thrift.transport logging to ERROR
[0m09:53:51.978323 [debug] [MainThread]: Spark adapter: Setting thrift.protocol logging to ERROR
[0m09:53:52.505357 [debug] [MainThread]: Sending event: {'category': 'dbt', 'action': 'project_id', 'label': '3e73bb31-a6da-48b3-92bd-bc8585910e57', 'context': [<snowplow_tracker.self_describing_json.SelfDescribingJson object at 0x10c5396e0>]}
[0m09:53:52.526231 [debug] [MainThread]: Sending event: {'category': 'dbt', 'action': 'adapter_info', 'label': '3e73bb31-a6da-48b3-92bd-bc8585910e57', 'context': [<snowplow_tracker.self_describing_json.SelfDescribingJson object at 0x114ff6e00>]}
[0m09:53:52.526618 [info ] [MainThread]: Registered adapter: databricks=1.11.5
[0m09:53:52.582563 [warn ] [MainThread]: [[33mWARNING[0m]: Use managed Iceberg tables when table_format is iceberg. When this flag is disabled, UniForm is used instead.
You may opt into the new behavior sooner by setting `flags.use_managed_iceberg` to `True` in `dbt_project.yml`.
Visit https://docs.getdbt.com/reference/global-configs/behavior-changes for more information.
[0m09:53:52.582940 [debug] [MainThread]: Sending event: {'category': 'dbt', 'action': 'BehaviorChangeEvent', 'label': '3e73bb31-a6da-48b3-92bd-bc8585910e57', 'context': [<snowplow_tracker.self_describing_json.SelfDescribingJson object at 0x114f27850>]}
[0m09:53:52.587952 [debug] [MainThread]: checksum: 6bff9b0fed7e2d76821166f4b272d8aa571bf0a0afe21c210d5eda6b781d3064, vars: {}, profile: , target: databricks, version: 1.11.6
[0m09:53:52.645566 [debug] [MainThread]: Partial parsing enabled: 0 files deleted, 0 files added, 2 files changed.
[0m09:53:52.645878 [debug] [MainThread]: Partial parsing: updated file: dbt_test://models/second_group/selected_customers.sql
[0m09:53:52.646037 [debug] [MainThread]: Partial parsing: updated file: dbt_test://models/second_group/modified_customers.sql
[0m09:53:52.732062 [debug] [MainThread]: Sending event: {'category': 'dbt', 'action': 'load_project', 'label': '3e73bb31-a6da-48b3-92bd-bc8585910e57', 'context': [<snowplow_tracker.self_describing_json.SelfDescribingJson object at 0x1154af6b0>]}
[0m09:53:52.757729 [debug] [MainThread]: Wrote artifact WritableManifest to /Users/szabolcsszentes/Documents/projects/dbt_test_for_run/target/manifest.json
[0m09:53:52.759086 [debug] [MainThread]: Wrote artifact SemanticManifest to /Users/szabolcsszentes/Documents/projects/dbt_test_for_run/target/semantic_manifest.json
[0m09:53:52.765274 [debug] [MainThread]: Sending event: {'category': 'dbt', 'action': 'resource_counts', 'label': '3e73bb31-a6da-48b3-92bd-bc8585910e57', 'context': [<snowplow_tracker.self_describing_json.SelfDescribingJson object at 0x1157866d0>]}
[0m09:53:52.765501 [info ] [MainThread]: Found 3 models, 1 seed, 731 macros
[0m09:53:52.765615 [debug] [MainThread]: Sending event: {'category': 'dbt', 'action': 'runnable_timing', 'label': '3e73bb31-a6da-48b3-92bd-bc8585910e57', 'context': [<snowplow_tracker.self_describing_json.SelfDescribingJson object at 0x11585e750>]}
[0m09:53:52.766352 [info ] [MainThread]: 
[0m09:53:52.766474 [info ] [MainThread]: Concurrency: 1 threads (target='databricks')
[0m09:53:52.766565 [info ] [MainThread]: 
[0m09:53:52.766784 [debug] [MainThread]: Databricks adapter: DatabricksDBTConnection(session-id=None, name=master) - Creating connection
[0m09:53:52.766899 [debug] [MainThread]: Acquiring new databricks connection 'master'
[0m09:53:52.769199 [debug] [ThreadPool]: Databricks adapter: DatabricksDBTConnection(session-id=None, name=list_datapao_cns) - Creating connection
[0m09:53:52.769374 [debug] [ThreadPool]: Acquiring new databricks connection 'list_datapao_cns'
[0m09:53:52.774353 [debug] [ThreadPool]: Using databricks connection "list_datapao_cns"
[0m09:53:52.774533 [debug] [ThreadPool]: On list_datapao_cns: /* {"app": "dbt", "dbt_version": "1.11.6", "dbt_databricks_version": "1.11.5", "databricks_sql_connector_version": "4.1.3", "profile_name": "dbt_test", "target_name": "databricks", "connection_name": "list_datapao_cns"} */

    

  SHOW SCHEMAS IN `datapao_cns`


  
[0m09:53:52.774645 [debug] [ThreadPool]: Opening a new connection, currently in state init
[0m09:53:53.084874 [debug] [ThreadPool]: Databricks adapter: Connection(session-id=01f11d27-d468-1c67-8c94-56b77768cc46) - Created
[0m09:54:00.846658 [debug] [ThreadPool]: SQL status: OK in 8.070 seconds
[0m09:54:00.858611 [debug] [ThreadPool]: Databricks adapter: Cursor(session-id=01f11d27-d468-1c67-8c94-56b77768cc46, command-id=01f11d27-d47f-110a-abc2-09283f2dc26a) - Closing
[0m09:54:00.977769 [debug] [ThreadPool]: On list_datapao_cns: Close
[0m09:54:00.978620 [debug] [ThreadPool]: Databricks adapter: Connection(session-id=01f11d27-d468-1c67-8c94-56b77768cc46) - Closing
[0m09:54:01.045001 [debug] [ThreadPool]: Databricks adapter: DatabricksDBTConnection(session-id=None, name=list_datapao_cns_dbt_test) - Creating connection
[0m09:54:01.045764 [debug] [ThreadPool]: Acquiring new databricks connection 'list_datapao_cns_dbt_test'
[0m09:54:01.052009 [debug] [ThreadPool]: Using databricks connection "list_datapao_cns_dbt_test"
[0m09:54:01.052381 [debug] [ThreadPool]: On list_datapao_cns_dbt_test: /* {"app": "dbt", "dbt_version": "1.11.6", "dbt_databricks_version": "1.11.5", "databricks_sql_connector_version": "4.1.3", "profile_name": "dbt_test", "target_name": "databricks", "connection_name": "list_datapao_cns_dbt_test"} */

    
SELECT
  table_name,
  if(table_type IN ('EXTERNAL', 'MANAGED', 'MANAGED_SHALLOW_CLONE', 'EXTERNAL_SHALLOW_CLONE'), 'table', lower(table_type)) AS table_type,
  lower(data_source_format) AS file_format,
  table_owner,
  if(
    table_type IN (
      'EXTERNAL',
      'MANAGED',
      'MANAGED_SHALLOW_CLONE',
      'EXTERNAL_SHALLOW_CLONE'
    ),
    lower(table_type),
    NULL
  ) AS databricks_table_type
FROM `system`.`information_schema`.`tables`
WHERE table_catalog = 'datapao_cns' 
  AND table_schema = 'dbt_test'

  
[0m09:54:01.053169 [debug] [ThreadPool]: Opening a new connection, currently in state init
[0m09:54:01.186212 [debug] [ThreadPool]: Databricks adapter: Connection(session-id=01f11d27-d94a-1bbd-b8ed-a7944a30bf6d) - Created
[0m09:54:03.970142 [debug] [ThreadPool]: SQL status: OK in 2.920 seconds
[0m09:54:03.974831 [debug] [ThreadPool]: Databricks adapter: Cursor(session-id=01f11d27-d94a-1bbd-b8ed-a7944a30bf6d, command-id=01f11d27-d953-11bd-98a5-00a60d432dc2) - Closing
[0m09:54:03.975697 [debug] [ThreadPool]: On list_datapao_cns_dbt_test: Close
[0m09:54:03.976047 [debug] [ThreadPool]: Databricks adapter: Connection(session-id=01f11d27-d94a-1bbd-b8ed-a7944a30bf6d) - Closing
[0m09:54:04.047150 [debug] [MainThread]: Sending event: {'category': 'dbt', 'action': 'runnable_timing', 'label': '3e73bb31-a6da-48b3-92bd-bc8585910e57', 'context': [<snowplow_tracker.self_describing_json.SelfDescribingJson object at 0x11578b7d0>]}
[0m09:54:04.051209 [debug] [Thread-3 (]: Began running node model.dbt_test.customers_model
[0m09:54:04.051751 [info ] [Thread-3 (]: 1 of 3 START sql table model dbt_test.customers_model .......................... [RUN]
[0m09:54:04.052184 [debug] [Thread-3 (]: Databricks adapter: DatabricksDBTConnection(session-id=None, name=model.dbt_test.customers_model) - Creating connection
[0m09:54:04.052425 [debug] [Thread-3 (]: Acquiring new databricks connection 'model.dbt_test.customers_model'
[0m09:54:04.052652 [debug] [Thread-3 (]: Began compiling node model.dbt_test.customers_model
[0m09:54:04.063231 [debug] [Thread-3 (]: Writing injected SQL for node "model.dbt_test.customers_model"
[0m09:54:04.064325 [debug] [Thread-3 (]: Began executing node model.dbt_test.customers_model
[0m09:54:04.075108 [debug] [Thread-3 (]: MATERIALIZING TABLE
[0m09:54:04.075524 [warn ] [Thread-3 (]: [[33mWARNING[0m]: Use revamped materializations based on separating create and insert.  This allows more performant column comments, as well as new column features.
You may opt into the new behavior sooner by setting `flags.use_materialization_v2` to `True` in `dbt_project.yml`.
Visit https://docs.getdbt.com/reference/global-configs/behavior-changes for more information.
[0m09:54:04.075742 [debug] [Thread-3 (]: Sending event: {'category': 'dbt', 'action': 'BehaviorChangeEvent', 'label': '3e73bb31-a6da-48b3-92bd-bc8585910e57', 'context': [<snowplow_tracker.self_describing_json.SelfDescribingJson object at 0x1157cf070>]}
[0m09:54:04.098844 [debug] [Thread-3 (]: Writing runtime sql for node "model.dbt_test.customers_model"
[0m09:54:04.099377 [debug] [Thread-3 (]: Using databricks connection "model.dbt_test.customers_model"
[0m09:54:04.099573 [debug] [Thread-3 (]: On model.dbt_test.customers_model: /* {"app": "dbt", "dbt_version": "1.11.6", "dbt_databricks_version": "1.11.5", "databricks_sql_connector_version": "4.1.3", "profile_name": "dbt_test", "target_name": "databricks", "node_id": "model.dbt_test.customers_model"} */

  
    
        create or replace table `datapao_cns`.`dbt_test`.`customers_model`
      
      
    using delta
  
      
      
      
      
      
      
      
      as
      -- This model transforms customer data from the seed
-- It adds a full_name column and filters for recent signups

select
    customer_id,
    first_name,
    last_name,
    first_name || ' ' || last_name as full_name,
    email,
    signup_date,
    'active' as status
from `datapao_cns`.`dbt_test`.`customers`
where signup_date >= '2024-01-01'
  
[0m09:54:04.099740 [debug] [Thread-3 (]: Opening a new connection, currently in state init
[0m09:54:04.233409 [debug] [Thread-3 (]: Databricks adapter: Connection(session-id=01f11d27-db1d-123d-987b-18aad9f25207) - Created
[0m09:54:10.192807 [debug] [Thread-3 (]: SQL status: OK in 6.090 seconds
[0m09:54:10.196103 [debug] [Thread-3 (]: Databricks adapter: Cursor(session-id=01f11d27-db1d-123d-987b-18aad9f25207, command-id=01f11d27-db24-1268-9630-acf22f6ef136) - Closing
[0m09:54:10.311167 [debug] [Thread-3 (]: Applying tags to relation None
[0m09:54:10.322948 [debug] [Thread-3 (]: On model.dbt_test.customers_model: Close
[0m09:54:10.323243 [debug] [Thread-3 (]: Databricks adapter: Connection(session-id=01f11d27-db1d-123d-987b-18aad9f25207) - Closing
[0m09:54:10.385570 [debug] [Thread-3 (]: Sending event: {'category': 'dbt', 'action': 'run_model', 'label': '3e73bb31-a6da-48b3-92bd-bc8585910e57', 'context': [<snowplow_tracker.self_describing_json.SelfDescribingJson object at 0x10c4d25d0>]}
[0m09:54:10.386294 [info ] [Thread-3 (]: 1 of 3 OK created sql table model dbt_test.customers_model ..................... [[32mOK[0m in 6.33s]
[0m09:54:10.386770 [debug] [Thread-3 (]: Finished running node model.dbt_test.customers_model
[0m09:54:10.387104 [debug] [Thread-3 (]: Began running node model.dbt_test.modified_customers
[0m09:54:10.387552 [info ] [Thread-3 (]: 2 of 3 START sql table model dbt_test.modified_customers ....................... [RUN]
[0m09:54:10.387925 [debug] [Thread-3 (]: Databricks adapter: DatabricksDBTConnection(session-id=None, name=model.dbt_test.modified_customers) - Creating connection
[0m09:54:10.388074 [debug] [Thread-3 (]: Acquiring new databricks connection 'model.dbt_test.modified_customers'
[0m09:54:10.388198 [debug] [Thread-3 (]: Began compiling node model.dbt_test.modified_customers
[0m09:54:10.391499 [debug] [Thread-3 (]: Writing injected SQL for node "model.dbt_test.modified_customers"
[0m09:54:10.392707 [debug] [Thread-3 (]: Began executing node model.dbt_test.modified_customers
[0m09:54:10.394558 [debug] [Thread-3 (]: MATERIALIZING TABLE
[0m09:54:10.395914 [debug] [Thread-3 (]: Writing runtime sql for node "model.dbt_test.modified_customers"
[0m09:54:10.396505 [debug] [Thread-3 (]: Using databricks connection "model.dbt_test.modified_customers"
[0m09:54:10.396819 [debug] [Thread-3 (]: On model.dbt_test.modified_customers: /* {"app": "dbt", "dbt_version": "1.11.6", "dbt_databricks_version": "1.11.5", "databricks_sql_connector_version": "4.1.3", "profile_name": "dbt_test", "target_name": "databricks", "node_id": "model.dbt_test.modified_customers"} */

  
    
        create or replace table `datapao_cns`.`dbt_test`.`modified_customers`
      
      
    using delta
  
      
      
      
      
      
      
      
      as
      select
    customer_id,
    first_name || ' ' || last_name as full_name,
    email,
    signup_date,
    'modified' as status
from `datapao_cns`.`dbt_test`.`customers`
  
[0m09:54:10.397033 [debug] [Thread-3 (]: Opening a new connection, currently in state init
[0m09:54:10.529697 [debug] [Thread-3 (]: Databricks adapter: Connection(session-id=01f11d27-dedc-1cab-a1cc-3d847c3e4d71) - Created
[0m09:54:13.832812 [debug] [Thread-3 (]: SQL status: OK in 3.440 seconds
[0m09:54:13.834592 [debug] [Thread-3 (]: Databricks adapter: Cursor(session-id=01f11d27-dedc-1cab-a1cc-3d847c3e4d71, command-id=01f11d27-dee4-198e-a16c-32ccacb4e7a8) - Closing
[0m09:54:13.835776 [debug] [Thread-3 (]: Applying tags to relation None
[0m09:54:13.837376 [debug] [Thread-3 (]: On model.dbt_test.modified_customers: Close
[0m09:54:13.837758 [debug] [Thread-3 (]: Databricks adapter: Connection(session-id=01f11d27-dedc-1cab-a1cc-3d847c3e4d71) - Closing
[0m09:54:13.900034 [debug] [Thread-3 (]: Sending event: {'category': 'dbt', 'action': 'run_model', 'label': '3e73bb31-a6da-48b3-92bd-bc8585910e57', 'context': [<snowplow_tracker.self_describing_json.SelfDescribingJson object at 0x115774450>]}
[0m09:54:13.900860 [info ] [Thread-3 (]: 2 of 3 OK created sql table model dbt_test.modified_customers .................. [[32mOK[0m in 3.51s]
[0m09:54:13.901312 [debug] [Thread-3 (]: Finished running node model.dbt_test.modified_customers
[0m09:54:13.901636 [debug] [Thread-3 (]: Began running node model.dbt_test.selected_customers
[0m09:54:13.902092 [info ] [Thread-3 (]: 3 of 3 START sql table model dbt_test.selected_customers ....................... [RUN]
[0m09:54:13.902561 [debug] [Thread-3 (]: Databricks adapter: DatabricksDBTConnection(session-id=None, name=model.dbt_test.selected_customers) - Creating connection
[0m09:54:13.902855 [debug] [Thread-3 (]: Acquiring new databricks connection 'model.dbt_test.selected_customers'
[0m09:54:13.903120 [debug] [Thread-3 (]: Began compiling node model.dbt_test.selected_customers
[0m09:54:13.905668 [debug] [Thread-3 (]: Writing injected SQL for node "model.dbt_test.selected_customers"
[0m09:54:13.908140 [debug] [Thread-3 (]: Began executing node model.dbt_test.selected_customers
[0m09:54:13.909961 [debug] [Thread-3 (]: MATERIALIZING TABLE
[0m09:54:13.911960 [debug] [Thread-3 (]: Writing runtime sql for node "model.dbt_test.selected_customers"
[0m09:54:13.913125 [debug] [Thread-3 (]: Using databricks connection "model.dbt_test.selected_customers"
[0m09:54:13.913586 [debug] [Thread-3 (]: On model.dbt_test.selected_customers: /* {"app": "dbt", "dbt_version": "1.11.6", "dbt_databricks_version": "1.11.5", "databricks_sql_connector_version": "4.1.3", "profile_name": "dbt_test", "target_name": "databricks", "node_id": "model.dbt_test.selected_customers"} */

  
    
        create or replace table `datapao_cns`.`dbt_test`.`selected_customers`
      
      
    using delta
  
      
      
      
      
      
      
      
      as
      select
    customer_id,
    first_name || ' ' || last_name as full_name,
    email,
    signup_date,
    'selected' as status
from `datapao_cns`.`dbt_test`.`customers`
where signup_date >= '2024-04-01'
  
[0m09:54:13.913853 [debug] [Thread-3 (]: Opening a new connection, currently in state init
[0m09:54:14.049280 [debug] [Thread-3 (]: Databricks adapter: Connection(session-id=01f11d27-e0f5-15af-bfd5-e14f710faa19) - Created
[0m09:54:16.447046 [debug] [Thread-3 (]: SQL status: OK in 2.530 seconds
[0m09:54:16.448780 [debug] [Thread-3 (]: Databricks adapter: Cursor(session-id=01f11d27-e0f5-15af-bfd5-e14f710faa19, command-id=01f11d27-e0fe-1181-880a-923db7441a42) - Closing
[0m09:54:16.449756 [debug] [Thread-3 (]: Applying tags to relation None
[0m09:54:16.451265 [debug] [Thread-3 (]: On model.dbt_test.selected_customers: Close
[0m09:54:16.451772 [debug] [Thread-3 (]: Databricks adapter: Connection(session-id=01f11d27-e0f5-15af-bfd5-e14f710faa19) - Closing
[0m09:54:16.529211 [debug] [Thread-3 (]: Sending event: {'category': 'dbt', 'action': 'run_model', 'label': '3e73bb31-a6da-48b3-92bd-bc8585910e57', 'context': [<snowplow_tracker.self_describing_json.SelfDescribingJson object at 0x11560b310>]}
[0m09:54:16.530158 [info ] [Thread-3 (]: 3 of 3 OK created sql table model dbt_test.selected_customers .................. [[32mOK[0m in 2.63s]
[0m09:54:16.530890 [debug] [Thread-3 (]: Finished running node model.dbt_test.selected_customers
[0m09:54:16.532310 [debug] [MainThread]: Databricks adapter: DatabricksDBTConnection(session-id=None, name=master) - Creating connection
[0m09:54:16.532686 [debug] [MainThread]: Acquiring new databricks connection 'master'
[0m09:54:16.533185 [info ] [MainThread]: 
[0m09:54:16.533506 [info ] [MainThread]: Finished running 3 table models in 0 hours 0 minutes and 23.77 seconds (23.77s).
[0m09:54:16.534469 [debug] [MainThread]: Command end result
[0m09:54:16.559457 [debug] [MainThread]: Wrote artifact WritableManifest to /Users/szabolcsszentes/Documents/projects/dbt_test_for_run/target/manifest.json
[0m09:54:16.561111 [debug] [MainThread]: Wrote artifact SemanticManifest to /Users/szabolcsszentes/Documents/projects/dbt_test_for_run/target/semantic_manifest.json
[0m09:54:16.564871 [debug] [MainThread]: Wrote artifact RunExecutionResult to /Users/szabolcsszentes/Documents/projects/dbt_test_for_run/target/run_results.json
[0m09:54:16.565070 [info ] [MainThread]: 
[0m09:54:16.565441 [info ] [MainThread]: [32mCompleted successfully[0m
[0m09:54:16.565668 [info ] [MainThread]: 
[0m09:54:16.565901 [info ] [MainThread]: Done. PASS=3 WARN=0 ERROR=0 SKIP=0 NO-OP=0 TOTAL=3
[0m09:54:16.569010 [debug] [MainThread]: Resource report: {"command_name": "run", "command_success": true, "command_wall_clock_time": 24.999212, "process_in_blocks": "0", "process_kernel_time": 0.326114, "process_mem_max_rss": "256557056", "process_out_blocks": "0", "process_user_time": 1.494993}
[0m09:54:16.569376 [debug] [MainThread]: Command `dbt run` succeeded at 09:54:16.569318 after 25.00 seconds
[0m09:54:16.569620 [debug] [MainThread]: Sending event: {'category': 'dbt', 'action': 'invocation', 'label': 'end', 'context': [<snowplow_tracker.self_describing_json.SelfDescribingJson object at 0x10cad2750>, <snowplow_tracker.self_describing_json.SelfDescribingJson object at 0x11584fd70>, <snowplow_tracker.self_describing_json.SelfDescribingJson object at 0x11584fdd0>]}
[0m09:54:16.569827 [debug] [MainThread]: Flushing usage events
[0m09:54:17.175669 [debug] [MainThread]: An error was encountered while trying to flush usage events
[0m09:55:51.321552 [debug] [MainThread]: Sending event: {'category': 'dbt', 'action': 'invocation', 'label': 'start', 'context': [<snowplow_tracker.self_describing_json.SelfDescribingJson object at 0x10a0a02f0>, <snowplow_tracker.self_describing_json.SelfDescribingJson object at 0x10b18b610>, <snowplow_tracker.self_describing_json.SelfDescribingJson object at 0x10b18b890>]}


============================== 09:55:51.323926 | 0d5203b3-d5c0-4b13-b2ae-f22dfd68a028 ==============================
[0m09:55:51.323926 [info ] [MainThread]: Running with dbt=1.11.6
[0m09:55:51.324161 [debug] [MainThread]: running dbt with arguments {'printer_width': '80', 'invocation_command': 'dbt seed --profiles-dir . --target databricks', 'use_colors': 'True', 'profiles_dir': '.', 'log_path': '/Users/szabolcsszentes/Documents/projects/dbt_test_for_run/logs', 'quiet': 'False', 'log_format': 'default', 'warn_error_options': 'WarnErrorOptionsV2(error=[], warn=[], silence=[])', 'send_anonymous_usage_stats': 'True', 'fail_fast': 'False', 'version_check': 'True', 'warn_error': 'None', 'debug': 'False', 'static_parser': 'True', 'empty': 'None', 'cache_selected_only': 'False', 'log_cache_events': 'False', 'use_experimental_parser': 'False', 'no_print': 'None', 'indirect_selection': 'eager', 'write_json': 'True', 'target_path': 'None', 'introspect': 'True', 'partial_parse': 'True'}
[0m09:55:51.699979 [debug] [MainThread]: Spark adapter: Setting pyhive.hive logging to ERROR
[0m09:55:51.700221 [debug] [MainThread]: Spark adapter: Setting thrift.transport logging to ERROR
[0m09:55:51.700345 [debug] [MainThread]: Spark adapter: Setting thrift.protocol logging to ERROR
[0m09:55:52.245768 [debug] [MainThread]: Sending event: {'category': 'dbt', 'action': 'project_id', 'label': '0d5203b3-d5c0-4b13-b2ae-f22dfd68a028', 'context': [<snowplow_tracker.self_describing_json.SelfDescribingJson object at 0x10a4996e0>]}
[0m09:55:52.268227 [debug] [MainThread]: Sending event: {'category': 'dbt', 'action': 'adapter_info', 'label': '0d5203b3-d5c0-4b13-b2ae-f22dfd68a028', 'context': [<snowplow_tracker.self_describing_json.SelfDescribingJson object at 0x112f32e00>]}
[0m09:55:52.268610 [info ] [MainThread]: Registered adapter: databricks=1.11.5
[0m09:55:52.327132 [warn ] [MainThread]: [[33mWARNING[0m]: Use managed Iceberg tables when table_format is iceberg. When this flag is disabled, UniForm is used instead.
You may opt into the new behavior sooner by setting `flags.use_managed_iceberg` to `True` in `dbt_project.yml`.
Visit https://docs.getdbt.com/reference/global-configs/behavior-changes for more information.
[0m09:55:52.327526 [debug] [MainThread]: Sending event: {'category': 'dbt', 'action': 'BehaviorChangeEvent', 'label': '0d5203b3-d5c0-4b13-b2ae-f22dfd68a028', 'context': [<snowplow_tracker.self_describing_json.SelfDescribingJson object at 0x112e63850>]}
[0m09:55:52.333074 [debug] [MainThread]: checksum: 6bff9b0fed7e2d76821166f4b272d8aa571bf0a0afe21c210d5eda6b781d3064, vars: {}, profile: , target: databricks, version: 1.11.6
[0m09:55:52.392102 [debug] [MainThread]: Partial parsing enabled: 0 files deleted, 0 files added, 0 files changed.
[0m09:55:52.392323 [debug] [MainThread]: Nothing changed, skipping partial parsing.
[0m09:55:52.392422 [debug] [MainThread]: Partial parsing enabled, no changes found, skipping parsing
[0m09:55:52.405984 [debug] [MainThread]: Sending event: {'category': 'dbt', 'action': 'load_project', 'label': '0d5203b3-d5c0-4b13-b2ae-f22dfd68a028', 'context': [<snowplow_tracker.self_describing_json.SelfDescribingJson object at 0x1133d99a0>]}
[0m09:55:52.433345 [debug] [MainThread]: Wrote artifact WritableManifest to /Users/szabolcsszentes/Documents/projects/dbt_test_for_run/target/manifest.json
[0m09:55:52.434713 [debug] [MainThread]: Wrote artifact SemanticManifest to /Users/szabolcsszentes/Documents/projects/dbt_test_for_run/target/semantic_manifest.json
[0m09:55:52.440960 [debug] [MainThread]: Sending event: {'category': 'dbt', 'action': 'resource_counts', 'label': '0d5203b3-d5c0-4b13-b2ae-f22dfd68a028', 'context': [<snowplow_tracker.self_describing_json.SelfDescribingJson object at 0x11354b310>]}
[0m09:55:52.441166 [info ] [MainThread]: Found 3 models, 1 seed, 731 macros
[0m09:55:52.441297 [debug] [MainThread]: Sending event: {'category': 'dbt', 'action': 'runnable_timing', 'label': '0d5203b3-d5c0-4b13-b2ae-f22dfd68a028', 'context': [<snowplow_tracker.self_describing_json.SelfDescribingJson object at 0x1135224e0>]}
[0m09:55:52.442023 [info ] [MainThread]: 
[0m09:55:52.442153 [info ] [MainThread]: Concurrency: 1 threads (target='databricks')
[0m09:55:52.442249 [info ] [MainThread]: 
[0m09:55:52.442477 [debug] [MainThread]: Databricks adapter: DatabricksDBTConnection(session-id=None, name=master) - Creating connection
[0m09:55:52.442584 [debug] [MainThread]: Acquiring new databricks connection 'master'
[0m09:55:52.442912 [debug] [ThreadPool]: Databricks adapter: DatabricksDBTConnection(session-id=None, name=list_datapao_cns) - Creating connection
[0m09:55:52.443033 [debug] [ThreadPool]: Acquiring new databricks connection 'list_datapao_cns'
[0m09:55:52.448204 [debug] [ThreadPool]: Using databricks connection "list_datapao_cns"
[0m09:55:52.448354 [debug] [ThreadPool]: On list_datapao_cns: /* {"app": "dbt", "dbt_version": "1.11.6", "dbt_databricks_version": "1.11.5", "databricks_sql_connector_version": "4.1.3", "profile_name": "dbt_test", "target_name": "databricks", "connection_name": "list_datapao_cns"} */

    

  SHOW SCHEMAS IN `datapao_cns`


  
[0m09:55:52.448451 [debug] [ThreadPool]: Opening a new connection, currently in state init
[0m09:55:52.657304 [debug] [ThreadPool]: Databricks adapter: Connection(session-id=01f11d28-1bbd-17a0-96e3-f762e20e82b3) - Created
[0m09:55:52.949721 [debug] [ThreadPool]: SQL status: OK in 0.500 seconds
[0m09:55:52.957430 [debug] [ThreadPool]: Databricks adapter: Cursor(session-id=01f11d28-1bbd-17a0-96e3-f762e20e82b3, command-id=01f11d28-1bc4-1a45-b5cf-9825a56d7110) - Closing
[0m09:55:52.957888 [debug] [ThreadPool]: On list_datapao_cns: Close
[0m09:55:52.958112 [debug] [ThreadPool]: Databricks adapter: Connection(session-id=01f11d28-1bbd-17a0-96e3-f762e20e82b3) - Closing
[0m09:55:53.031149 [debug] [ThreadPool]: Databricks adapter: DatabricksDBTConnection(session-id=None, name=list_datapao_cns_dbt_test) - Creating connection
[0m09:55:53.031522 [debug] [ThreadPool]: Acquiring new databricks connection 'list_datapao_cns_dbt_test'
[0m09:55:53.037973 [debug] [ThreadPool]: Using databricks connection "list_datapao_cns_dbt_test"
[0m09:55:53.038296 [debug] [ThreadPool]: On list_datapao_cns_dbt_test: /* {"app": "dbt", "dbt_version": "1.11.6", "dbt_databricks_version": "1.11.5", "databricks_sql_connector_version": "4.1.3", "profile_name": "dbt_test", "target_name": "databricks", "connection_name": "list_datapao_cns_dbt_test"} */

    
SELECT
  table_name,
  if(table_type IN ('EXTERNAL', 'MANAGED', 'MANAGED_SHALLOW_CLONE', 'EXTERNAL_SHALLOW_CLONE'), 'table', lower(table_type)) AS table_type,
  lower(data_source_format) AS file_format,
  table_owner,
  if(
    table_type IN (
      'EXTERNAL',
      'MANAGED',
      'MANAGED_SHALLOW_CLONE',
      'EXTERNAL_SHALLOW_CLONE'
    ),
    lower(table_type),
    NULL
  ) AS databricks_table_type
FROM `system`.`information_schema`.`tables`
WHERE table_catalog = 'datapao_cns' 
  AND table_schema = 'dbt_test'

  
[0m09:55:53.038545 [debug] [ThreadPool]: Opening a new connection, currently in state init
[0m09:55:53.168430 [debug] [ThreadPool]: Databricks adapter: Connection(session-id=01f11d28-1c0a-1f1f-894b-688c6d5c58dc) - Created
[0m09:55:53.537401 [debug] [ThreadPool]: SQL status: OK in 0.500 seconds
[0m09:55:53.539726 [debug] [ThreadPool]: Databricks adapter: Cursor(session-id=01f11d28-1c0a-1f1f-894b-688c6d5c58dc, command-id=01f11d28-1c12-127a-bfeb-ed80fdb4ef06) - Closing
[0m09:55:53.540142 [debug] [ThreadPool]: On list_datapao_cns_dbt_test: Close
[0m09:55:53.540350 [debug] [ThreadPool]: Databricks adapter: Connection(session-id=01f11d28-1c0a-1f1f-894b-688c6d5c58dc) - Closing
[0m09:55:53.613855 [debug] [MainThread]: Sending event: {'category': 'dbt', 'action': 'runnable_timing', 'label': '0d5203b3-d5c0-4b13-b2ae-f22dfd68a028', 'context': [<snowplow_tracker.self_describing_json.SelfDescribingJson object at 0x1133c3350>]}
[0m09:55:53.615302 [debug] [Thread-3 (]: Began running node seed.dbt_test.customers
[0m09:55:53.615602 [info ] [Thread-3 (]: 1 of 1 START seed file dbt_test.customers ...................................... [RUN]
[0m09:55:53.615884 [debug] [Thread-3 (]: Databricks adapter: DatabricksDBTConnection(session-id=None, name=seed.dbt_test.customers) - Creating connection
[0m09:55:53.616037 [debug] [Thread-3 (]: Acquiring new databricks connection 'seed.dbt_test.customers'
[0m09:55:53.616176 [debug] [Thread-3 (]: Began compiling node seed.dbt_test.customers
[0m09:55:53.616317 [debug] [Thread-3 (]: Began executing node seed.dbt_test.customers
[0m09:55:53.618617 [warn ] [Thread-3 (]: [[33mWARNING[0m]: Use revamped materializations based on separating create and insert.  This allows more performant column comments, as well as new column features.
You may opt into the new behavior sooner by setting `flags.use_materialization_v2` to `True` in `dbt_project.yml`.
Visit https://docs.getdbt.com/reference/global-configs/behavior-changes for more information.
[0m09:55:53.618825 [debug] [Thread-3 (]: Sending event: {'category': 'dbt', 'action': 'BehaviorChangeEvent', 'label': '0d5203b3-d5c0-4b13-b2ae-f22dfd68a028', 'context': [<snowplow_tracker.self_describing_json.SelfDescribingJson object at 0x113412200>]}
[0m09:55:53.643982 [debug] [Thread-3 (]: Using databricks connection "seed.dbt_test.customers"
[0m09:55:53.644248 [debug] [Thread-3 (]: On seed.dbt_test.customers: /* {"app": "dbt", "dbt_version": "1.11.6", "dbt_databricks_version": "1.11.5", "databricks_sql_connector_version": "4.1.3", "profile_name": "dbt_test", "target_name": "databricks", "node_id": "seed.dbt_test.customers"} */

    create  table `datapao_cns`.`dbt_test`.`customers` (`customer_id` bigint ,`first_name` string ,`last_name` string ,`email` string ,`signup_date` date )
    
    using delta
  
    
    
    
    
    
  
[0m09:55:53.644385 [debug] [Thread-3 (]: Opening a new connection, currently in state init
[0m09:55:53.777715 [debug] [Thread-3 (]: Databricks adapter: Connection(session-id=01f11d28-1c66-17d0-8cee-389c368956df) - Created
[0m09:55:55.508228 [debug] [Thread-3 (]: SQL status: OK in 1.860 seconds
[0m09:55:55.510325 [debug] [Thread-3 (]: Databricks adapter: Cursor(session-id=01f11d28-1c66-17d0-8cee-389c368956df, command-id=01f11d28-1c6f-149f-aafa-f4e02217ed86) - Closing
[0m09:55:55.525132 [debug] [Thread-3 (]: Using databricks connection "seed.dbt_test.customers"
[0m09:55:55.525528 [debug] [Thread-3 (]: On seed.dbt_test.customers: 
          insert overwrite `datapao_cns`.`dbt_test`.`customers` values
          (%s,%s,%s,%s,%s),(%s,%s,%s,%s,%s),(%s,%s,%s,%s,%s),(%s,%s,%s,%s,%s),(%s,%s,%s,%s,%s)
      ...
[0m09:55:56.845666 [debug] [Thread-3 (]: SQL status: OK in 1.320 seconds
[0m09:55:56.846530 [debug] [Thread-3 (]: Databricks adapter: Cursor(session-id=01f11d28-1c66-17d0-8cee-389c368956df, command-id=01f11d28-1d7a-1486-979d-bb24d9b2342e) - Closing
[0m09:55:56.854237 [debug] [Thread-3 (]: Writing runtime SQL for node "seed.dbt_test.customers"
[0m09:55:56.865522 [debug] [Thread-3 (]: On seed.dbt_test.customers: Close
[0m09:55:56.865785 [debug] [Thread-3 (]: Databricks adapter: Connection(session-id=01f11d28-1c66-17d0-8cee-389c368956df) - Closing
[0m09:55:56.938712 [debug] [Thread-3 (]: Sending event: {'category': 'dbt', 'action': 'run_model', 'label': '0d5203b3-d5c0-4b13-b2ae-f22dfd68a028', 'context': [<snowplow_tracker.self_describing_json.SelfDescribingJson object at 0x10a4325d0>]}
[0m09:55:56.939278 [info ] [Thread-3 (]: 1 of 1 OK loaded seed file dbt_test.customers .................................. [[32mINSERT 5[0m in 3.32s]
[0m09:55:56.939749 [debug] [Thread-3 (]: Finished running node seed.dbt_test.customers
[0m09:55:56.940848 [debug] [MainThread]: Databricks adapter: DatabricksDBTConnection(session-id=None, name=master) - Creating connection
[0m09:55:56.941049 [debug] [MainThread]: Acquiring new databricks connection 'master'
[0m09:55:56.941192 [info ] [MainThread]: 
[0m09:55:56.941312 [info ] [MainThread]: Finished running 1 seed in 0 hours 0 minutes and 4.50 seconds (4.50s).
[0m09:55:56.941543 [debug] [MainThread]: Command end result
[0m09:55:56.957683 [debug] [MainThread]: Wrote artifact WritableManifest to /Users/szabolcsszentes/Documents/projects/dbt_test_for_run/target/manifest.json
[0m09:55:56.958538 [debug] [MainThread]: Wrote artifact SemanticManifest to /Users/szabolcsszentes/Documents/projects/dbt_test_for_run/target/semantic_manifest.json
[0m09:55:56.960880 [debug] [MainThread]: Wrote artifact RunExecutionResult to /Users/szabolcsszentes/Documents/projects/dbt_test_for_run/target/run_results.json
[0m09:55:56.961034 [info ] [MainThread]: 
[0m09:55:56.961191 [info ] [MainThread]: [32mCompleted successfully[0m
[0m09:55:56.961289 [info ] [MainThread]: 
[0m09:55:56.961401 [info ] [MainThread]: Done. PASS=1 WARN=0 ERROR=0 SKIP=0 NO-OP=0 TOTAL=1
[0m09:55:56.963820 [debug] [MainThread]: Resource report: {"command_name": "seed", "command_success": true, "command_wall_clock_time": 5.6707945, "process_in_blocks": "0", "process_kernel_time": 0.31102, "process_mem_max_rss": "253820928", "process_out_blocks": "0", "process_user_time": 1.332081}
[0m09:55:56.963998 [debug] [MainThread]: Command `dbt seed` succeeded at 09:55:56.963967 after 5.67 seconds
[0m09:55:56.964143 [debug] [MainThread]: Sending event: {'category': 'dbt', 'action': 'invocation', 'label': 'end', 'context': [<snowplow_tracker.self_describing_json.SelfDescribingJson object at 0x1130f0ed0>, <snowplow_tracker.self_describing_json.SelfDescribingJson object at 0x1131821d0>, <snowplow_tracker.self_describing_json.SelfDescribingJson object at 0x10b1e1010>]}
[0m09:55:56.964268 [debug] [MainThread]: Flushing usage events
[0m09:55:57.554279 [debug] [MainThread]: An error was encountered while trying to flush usage events
[0m09:58:58.257412 [debug] [MainThread]: Sending event: {'category': 'dbt', 'action': 'invocation', 'label': 'start', 'context': [<snowplow_tracker.self_describing_json.SelfDescribingJson object at 0x10ab5c2f0>, <snowplow_tracker.self_describing_json.SelfDescribingJson object at 0x10bc47610>, <snowplow_tracker.self_describing_json.SelfDescribingJson object at 0x10bc47890>]}


============================== 09:58:58.259950 | d22e77a2-4500-4947-a709-b4397037ccff ==============================
[0m09:58:58.259950 [info ] [MainThread]: Running with dbt=1.11.6
[0m09:58:58.260222 [debug] [MainThread]: running dbt with arguments {'cache_selected_only': 'False', 'use_colors': 'True', 'fail_fast': 'False', 'indirect_selection': 'eager', 'invocation_command': 'dbt run --profiles-dir . --target databricks', 'introspect': 'True', 'empty': 'False', 'profiles_dir': '.', 'printer_width': '80', 'no_print': 'None', 'debug': 'False', 'log_path': '/Users/szabolcsszentes/Documents/projects/dbt_test_for_run/logs', 'send_anonymous_usage_stats': 'True', 'log_cache_events': 'False', 'warn_error': 'None', 'version_check': 'True', 'use_experimental_parser': 'False', 'quiet': 'False', 'static_parser': 'True', 'target_path': 'None', 'write_json': 'True', 'warn_error_options': 'WarnErrorOptionsV2(error=[], warn=[], silence=[])', 'log_format': 'default', 'partial_parse': 'True'}
[0m09:58:58.645258 [debug] [MainThread]: Spark adapter: Setting pyhive.hive logging to ERROR
[0m09:58:58.645473 [debug] [MainThread]: Spark adapter: Setting thrift.transport logging to ERROR
[0m09:58:58.645577 [debug] [MainThread]: Spark adapter: Setting thrift.protocol logging to ERROR
[0m09:58:59.136484 [debug] [MainThread]: Sending event: {'category': 'dbt', 'action': 'project_id', 'label': 'd22e77a2-4500-4947-a709-b4397037ccff', 'context': [<snowplow_tracker.self_describing_json.SelfDescribingJson object at 0x10af556e0>]}
[0m09:58:59.156971 [debug] [MainThread]: Sending event: {'category': 'dbt', 'action': 'adapter_info', 'label': 'd22e77a2-4500-4947-a709-b4397037ccff', 'context': [<snowplow_tracker.self_describing_json.SelfDescribingJson object at 0x113a0ee00>]}
[0m09:58:59.157276 [info ] [MainThread]: Registered adapter: databricks=1.11.5
[0m09:58:59.214952 [warn ] [MainThread]: [[33mWARNING[0m]: Use managed Iceberg tables when table_format is iceberg. When this flag is disabled, UniForm is used instead.
You may opt into the new behavior sooner by setting `flags.use_managed_iceberg` to `True` in `dbt_project.yml`.
Visit https://docs.getdbt.com/reference/global-configs/behavior-changes for more information.
[0m09:58:59.215337 [debug] [MainThread]: Sending event: {'category': 'dbt', 'action': 'BehaviorChangeEvent', 'label': 'd22e77a2-4500-4947-a709-b4397037ccff', 'context': [<snowplow_tracker.self_describing_json.SelfDescribingJson object at 0x113943850>]}
[0m09:58:59.220304 [debug] [MainThread]: checksum: 6bff9b0fed7e2d76821166f4b272d8aa571bf0a0afe21c210d5eda6b781d3064, vars: {}, profile: , target: databricks, version: 1.11.6
[0m09:58:59.279503 [debug] [MainThread]: Partial parsing enabled: 0 files deleted, 0 files added, 0 files changed.
[0m09:58:59.279687 [debug] [MainThread]: Nothing changed, skipping partial parsing.
[0m09:58:59.279774 [debug] [MainThread]: Partial parsing enabled, no changes found, skipping parsing
[0m09:58:59.293973 [debug] [MainThread]: Sending event: {'category': 'dbt', 'action': 'load_project', 'label': 'd22e77a2-4500-4947-a709-b4397037ccff', 'context': [<snowplow_tracker.self_describing_json.SelfDescribingJson object at 0x113eb5b80>]}
[0m09:58:59.322973 [debug] [MainThread]: Wrote artifact WritableManifest to /Users/szabolcsszentes/Documents/projects/dbt_test_for_run/target/manifest.json
[0m09:58:59.324075 [debug] [MainThread]: Wrote artifact SemanticManifest to /Users/szabolcsszentes/Documents/projects/dbt_test_for_run/target/semantic_manifest.json
[0m09:58:59.329390 [debug] [MainThread]: Sending event: {'category': 'dbt', 'action': 'resource_counts', 'label': 'd22e77a2-4500-4947-a709-b4397037ccff', 'context': [<snowplow_tracker.self_describing_json.SelfDescribingJson object at 0x11402b070>]}
[0m09:58:59.329569 [info ] [MainThread]: Found 3 models, 1 seed, 731 macros
[0m09:58:59.329687 [debug] [MainThread]: Sending event: {'category': 'dbt', 'action': 'runnable_timing', 'label': 'd22e77a2-4500-4947-a709-b4397037ccff', 'context': [<snowplow_tracker.self_describing_json.SelfDescribingJson object at 0x114002000>]}
[0m09:58:59.330434 [info ] [MainThread]: 
[0m09:58:59.330564 [info ] [MainThread]: Concurrency: 1 threads (target='databricks')
[0m09:58:59.330658 [info ] [MainThread]: 
[0m09:58:59.330890 [debug] [MainThread]: Databricks adapter: DatabricksDBTConnection(session-id=None, name=master) - Creating connection
[0m09:58:59.331001 [debug] [MainThread]: Acquiring new databricks connection 'master'
[0m09:58:59.333255 [debug] [ThreadPool]: Databricks adapter: DatabricksDBTConnection(session-id=None, name=list_datapao_cns) - Creating connection
[0m09:58:59.333392 [debug] [ThreadPool]: Acquiring new databricks connection 'list_datapao_cns'
[0m09:58:59.338748 [debug] [ThreadPool]: Using databricks connection "list_datapao_cns"
[0m09:58:59.338945 [debug] [ThreadPool]: On list_datapao_cns: /* {"app": "dbt", "dbt_version": "1.11.6", "dbt_databricks_version": "1.11.5", "databricks_sql_connector_version": "4.1.3", "profile_name": "dbt_test", "target_name": "databricks", "connection_name": "list_datapao_cns"} */

    

  SHOW SCHEMAS IN `datapao_cns`


  
[0m09:58:59.339049 [debug] [ThreadPool]: Opening a new connection, currently in state init
[0m09:58:59.622052 [debug] [ThreadPool]: Databricks adapter: Connection(session-id=01f11d28-8b22-1bc9-afed-f90c83922038) - Created
[0m09:59:07.502583 [debug] [ThreadPool]: SQL status: OK in 8.160 seconds
[0m09:59:07.513043 [debug] [ThreadPool]: Databricks adapter: Cursor(session-id=01f11d28-8b22-1bc9-afed-f90c83922038, command-id=01f11d28-8b34-1ecd-a3b8-c6ee2d4df541) - Closing
[0m09:59:07.673146 [debug] [ThreadPool]: On list_datapao_cns: Close
[0m09:59:07.674027 [debug] [ThreadPool]: Databricks adapter: Connection(session-id=01f11d28-8b22-1bc9-afed-f90c83922038) - Closing
[0m09:59:07.735344 [debug] [ThreadPool]: Databricks adapter: DatabricksDBTConnection(session-id=None, name=list_datapao_cns_dbt_test) - Creating connection
[0m09:59:07.736120 [debug] [ThreadPool]: Acquiring new databricks connection 'list_datapao_cns_dbt_test'
[0m09:59:07.744285 [debug] [ThreadPool]: Using databricks connection "list_datapao_cns_dbt_test"
[0m09:59:07.744720 [debug] [ThreadPool]: On list_datapao_cns_dbt_test: /* {"app": "dbt", "dbt_version": "1.11.6", "dbt_databricks_version": "1.11.5", "databricks_sql_connector_version": "4.1.3", "profile_name": "dbt_test", "target_name": "databricks", "connection_name": "list_datapao_cns_dbt_test"} */

    
SELECT
  table_name,
  if(table_type IN ('EXTERNAL', 'MANAGED', 'MANAGED_SHALLOW_CLONE', 'EXTERNAL_SHALLOW_CLONE'), 'table', lower(table_type)) AS table_type,
  lower(data_source_format) AS file_format,
  table_owner,
  if(
    table_type IN (
      'EXTERNAL',
      'MANAGED',
      'MANAGED_SHALLOW_CLONE',
      'EXTERNAL_SHALLOW_CLONE'
    ),
    lower(table_type),
    NULL
  ) AS databricks_table_type
FROM `system`.`information_schema`.`tables`
WHERE table_catalog = 'datapao_cns' 
  AND table_schema = 'dbt_test'

  
[0m09:59:07.744996 [debug] [ThreadPool]: Opening a new connection, currently in state init
[0m09:59:07.933642 [debug] [ThreadPool]: Databricks adapter: Connection(session-id=01f11d28-9019-1516-98e2-cb0e736b2e50) - Created
[0m09:59:10.306008 [debug] [ThreadPool]: SQL status: OK in 2.560 seconds
[0m09:59:10.309242 [debug] [ThreadPool]: Databricks adapter: Cursor(session-id=01f11d28-9019-1516-98e2-cb0e736b2e50, command-id=01f11d28-9028-1d85-8952-a1fd9f837deb) - Closing
[0m09:59:10.309877 [debug] [ThreadPool]: On list_datapao_cns_dbt_test: Close
[0m09:59:10.310194 [debug] [ThreadPool]: Databricks adapter: Connection(session-id=01f11d28-9019-1516-98e2-cb0e736b2e50) - Closing
[0m09:59:10.373774 [debug] [MainThread]: Sending event: {'category': 'dbt', 'action': 'runnable_timing', 'label': 'd22e77a2-4500-4947-a709-b4397037ccff', 'context': [<snowplow_tracker.self_describing_json.SelfDescribingJson object at 0x113ea2d50>]}
[0m09:59:10.377071 [debug] [Thread-3 (]: Began running node model.dbt_test.customers_model
[0m09:59:10.377575 [info ] [Thread-3 (]: 1 of 3 START sql table model dbt_test.customers_model .......................... [RUN]
[0m09:59:10.378051 [debug] [Thread-3 (]: Databricks adapter: DatabricksDBTConnection(session-id=None, name=model.dbt_test.customers_model) - Creating connection
[0m09:59:10.378314 [debug] [Thread-3 (]: Acquiring new databricks connection 'model.dbt_test.customers_model'
[0m09:59:10.378564 [debug] [Thread-3 (]: Began compiling node model.dbt_test.customers_model
[0m09:59:10.386785 [debug] [Thread-3 (]: Writing injected SQL for node "model.dbt_test.customers_model"
[0m09:59:10.388382 [debug] [Thread-3 (]: Began executing node model.dbt_test.customers_model
[0m09:59:10.401207 [debug] [Thread-3 (]: MATERIALIZING TABLE
[0m09:59:10.401609 [warn ] [Thread-3 (]: [[33mWARNING[0m]: Use revamped materializations based on separating create and insert.  This allows more performant column comments, as well as new column features.
You may opt into the new behavior sooner by setting `flags.use_materialization_v2` to `True` in `dbt_project.yml`.
Visit https://docs.getdbt.com/reference/global-configs/behavior-changes for more information.
[0m09:59:10.401865 [debug] [Thread-3 (]: Sending event: {'category': 'dbt', 'action': 'BehaviorChangeEvent', 'label': 'd22e77a2-4500-4947-a709-b4397037ccff', 'context': [<snowplow_tracker.self_describing_json.SelfDescribingJson object at 0x113ef1650>]}
[0m09:59:10.424785 [debug] [Thread-3 (]: Writing runtime sql for node "model.dbt_test.customers_model"
[0m09:59:10.425499 [debug] [Thread-3 (]: Using databricks connection "model.dbt_test.customers_model"
[0m09:59:10.425722 [debug] [Thread-3 (]: On model.dbt_test.customers_model: /* {"app": "dbt", "dbt_version": "1.11.6", "dbt_databricks_version": "1.11.5", "databricks_sql_connector_version": "4.1.3", "profile_name": "dbt_test", "target_name": "databricks", "node_id": "model.dbt_test.customers_model"} */

  
    
        create or replace table `datapao_cns`.`dbt_test`.`customers_model`
      
      
    using delta
  
      
      
      
      
      
      
      
      as
      -- This model transforms customer data from the seed
-- It adds a full_name column and filters for recent signups

select
    customer_id,
    first_name,
    last_name,
    first_name || ' ' || last_name as full_name,
    email,
    signup_date,
    'active' as status
from `datapao_cns`.`dbt_test`.`customers`
where signup_date >= '2024-01-01'
  
[0m09:59:10.425892 [debug] [Thread-3 (]: Opening a new connection, currently in state init
[0m09:59:10.568805 [debug] [Thread-3 (]: Databricks adapter: Connection(session-id=01f11d28-91b1-1a33-87bd-bebbac448dea) - Created
[0m09:59:17.276736 [debug] [Thread-3 (]: SQL status: OK in 6.850 seconds
[0m09:59:17.278869 [debug] [Thread-3 (]: Databricks adapter: Cursor(session-id=01f11d28-91b1-1a33-87bd-bebbac448dea, command-id=01f11d28-91ba-1fcd-a206-08aab960f841) - Closing
[0m09:59:17.380209 [debug] [Thread-3 (]: Applying tags to relation None
[0m09:59:17.391677 [debug] [Thread-3 (]: On model.dbt_test.customers_model: Close
[0m09:59:17.391945 [debug] [Thread-3 (]: Databricks adapter: Connection(session-id=01f11d28-91b1-1a33-87bd-bebbac448dea) - Closing
[0m09:59:17.458475 [debug] [Thread-3 (]: Sending event: {'category': 'dbt', 'action': 'run_model', 'label': 'd22e77a2-4500-4947-a709-b4397037ccff', 'context': [<snowplow_tracker.self_describing_json.SelfDescribingJson object at 0x10aeee5d0>]}
[0m09:59:17.459101 [info ] [Thread-3 (]: 1 of 3 OK created sql table model dbt_test.customers_model ..................... [[32mOK[0m in 7.08s]
[0m09:59:17.459537 [debug] [Thread-3 (]: Finished running node model.dbt_test.customers_model
[0m09:59:17.459815 [debug] [Thread-3 (]: Began running node model.dbt_test.modified_customers
[0m09:59:17.460220 [info ] [Thread-3 (]: 2 of 3 START sql table model dbt_test.modified_customers ....................... [RUN]
[0m09:59:17.460787 [debug] [Thread-3 (]: Databricks adapter: DatabricksDBTConnection(session-id=None, name=model.dbt_test.modified_customers) - Creating connection
[0m09:59:17.461160 [debug] [Thread-3 (]: Acquiring new databricks connection 'model.dbt_test.modified_customers'
[0m09:59:17.461429 [debug] [Thread-3 (]: Began compiling node model.dbt_test.modified_customers
[0m09:59:17.463600 [debug] [Thread-3 (]: Writing injected SQL for node "model.dbt_test.modified_customers"
[0m09:59:17.464646 [debug] [Thread-3 (]: Began executing node model.dbt_test.modified_customers
[0m09:59:17.467371 [debug] [Thread-3 (]: MATERIALIZING TABLE
[0m09:59:17.468684 [debug] [Thread-3 (]: Writing runtime sql for node "model.dbt_test.modified_customers"
[0m09:59:17.469081 [debug] [Thread-3 (]: Using databricks connection "model.dbt_test.modified_customers"
[0m09:59:17.469315 [debug] [Thread-3 (]: On model.dbt_test.modified_customers: /* {"app": "dbt", "dbt_version": "1.11.6", "dbt_databricks_version": "1.11.5", "databricks_sql_connector_version": "4.1.3", "profile_name": "dbt_test", "target_name": "databricks", "node_id": "model.dbt_test.modified_customers"} */

  
    
        create or replace table `datapao_cns`.`dbt_test`.`modified_customers`
      
      
    using delta
  
      
      
      
      
      
      
      
      as
      select
    customer_id,
    first_name || ' ' || last_name as full_name,
    email,
    signup_date,
    'modified' as status
from `datapao_cns`.`dbt_test`.`customers`
  
[0m09:59:17.469519 [debug] [Thread-3 (]: Opening a new connection, currently in state init
[0m09:59:17.652179 [debug] [Thread-3 (]: Databricks adapter: Connection(session-id=01f11d28-95eb-1525-8c5a-12a3cd4e0087) - Created
[0m09:59:20.266170 [debug] [Thread-3 (]: SQL status: OK in 2.800 seconds
[0m09:59:20.267778 [debug] [Thread-3 (]: Databricks adapter: Cursor(session-id=01f11d28-95eb-1525-8c5a-12a3cd4e0087, command-id=01f11d28-95f3-1a72-8ca1-cbf6c432999e) - Closing
[0m09:59:20.268956 [debug] [Thread-3 (]: Applying tags to relation None
[0m09:59:20.270565 [debug] [Thread-3 (]: On model.dbt_test.modified_customers: Close
[0m09:59:20.270949 [debug] [Thread-3 (]: Databricks adapter: Connection(session-id=01f11d28-95eb-1525-8c5a-12a3cd4e0087) - Closing
[0m09:59:20.339418 [debug] [Thread-3 (]: Sending event: {'category': 'dbt', 'action': 'run_model', 'label': 'd22e77a2-4500-4947-a709-b4397037ccff', 'context': [<snowplow_tracker.self_describing_json.SelfDescribingJson object at 0x113e4e950>]}
[0m09:59:20.340655 [info ] [Thread-3 (]: 2 of 3 OK created sql table model dbt_test.modified_customers .................. [[32mOK[0m in 2.88s]
[0m09:59:20.341202 [debug] [Thread-3 (]: Finished running node model.dbt_test.modified_customers
[0m09:59:20.341590 [debug] [Thread-3 (]: Began running node model.dbt_test.selected_customers
[0m09:59:20.342140 [info ] [Thread-3 (]: 3 of 3 START sql table model dbt_test.selected_customers ....................... [RUN]
[0m09:59:20.342750 [debug] [Thread-3 (]: Databricks adapter: DatabricksDBTConnection(session-id=None, name=model.dbt_test.selected_customers) - Creating connection
[0m09:59:20.343080 [debug] [Thread-3 (]: Acquiring new databricks connection 'model.dbt_test.selected_customers'
[0m09:59:20.343357 [debug] [Thread-3 (]: Began compiling node model.dbt_test.selected_customers
[0m09:59:20.349387 [debug] [Thread-3 (]: Writing injected SQL for node "model.dbt_test.selected_customers"
[0m09:59:20.352158 [debug] [Thread-3 (]: Began executing node model.dbt_test.selected_customers
[0m09:59:20.354000 [debug] [Thread-3 (]: MATERIALIZING TABLE
[0m09:59:20.355451 [debug] [Thread-3 (]: Writing runtime sql for node "model.dbt_test.selected_customers"
[0m09:59:20.356130 [debug] [Thread-3 (]: Using databricks connection "model.dbt_test.selected_customers"
[0m09:59:20.356438 [debug] [Thread-3 (]: On model.dbt_test.selected_customers: /* {"app": "dbt", "dbt_version": "1.11.6", "dbt_databricks_version": "1.11.5", "databricks_sql_connector_version": "4.1.3", "profile_name": "dbt_test", "target_name": "databricks", "node_id": "model.dbt_test.selected_customers"} */

  
    
        create or replace table `datapao_cns`.`dbt_test`.`selected_customers`
      
      
    using delta
  
      
      
      
      
      
      
      
      as
      select
    customer_id,
    first_name || ' ' || last_name as full_name,
    email,
    signup_date,
    'selected' as status
from `datapao_cns`.`dbt_test`.`customers`
where signup_date >= '2024-04-01'
  
[0m09:59:20.356685 [debug] [Thread-3 (]: Opening a new connection, currently in state init
[0m09:59:20.487863 [debug] [Thread-3 (]: Databricks adapter: Connection(session-id=01f11d28-979c-1b0a-93f8-facff4061b9e) - Created
[0m09:59:23.049694 [debug] [Thread-3 (]: SQL status: OK in 2.690 seconds
[0m09:59:23.051392 [debug] [Thread-3 (]: Databricks adapter: Cursor(session-id=01f11d28-979c-1b0a-93f8-facff4061b9e, command-id=01f11d28-97a4-1289-9a2f-755c6e90a7ca) - Closing
[0m09:59:23.052414 [debug] [Thread-3 (]: Applying tags to relation None
[0m09:59:23.053986 [debug] [Thread-3 (]: On model.dbt_test.selected_customers: Close
[0m09:59:23.054525 [debug] [Thread-3 (]: Databricks adapter: Connection(session-id=01f11d28-979c-1b0a-93f8-facff4061b9e) - Closing
[0m09:59:23.123479 [debug] [Thread-3 (]: Sending event: {'category': 'dbt', 'action': 'run_model', 'label': 'd22e77a2-4500-4947-a709-b4397037ccff', 'context': [<snowplow_tracker.self_describing_json.SelfDescribingJson object at 0x1140a9160>]}
[0m09:59:23.124763 [info ] [Thread-3 (]: 3 of 3 OK created sql table model dbt_test.selected_customers .................. [[32mOK[0m in 2.78s]
[0m09:59:23.125490 [debug] [Thread-3 (]: Finished running node model.dbt_test.selected_customers
[0m09:59:23.127073 [debug] [MainThread]: Databricks adapter: DatabricksDBTConnection(session-id=None, name=master) - Creating connection
[0m09:59:23.127449 [debug] [MainThread]: Acquiring new databricks connection 'master'
[0m09:59:23.127989 [info ] [MainThread]: 
[0m09:59:23.128542 [info ] [MainThread]: Finished running 3 table models in 0 hours 0 minutes and 23.80 seconds (23.80s).
[0m09:59:23.129528 [debug] [MainThread]: Command end result
[0m09:59:23.156059 [debug] [MainThread]: Wrote artifact WritableManifest to /Users/szabolcsszentes/Documents/projects/dbt_test_for_run/target/manifest.json
[0m09:59:23.157280 [debug] [MainThread]: Wrote artifact SemanticManifest to /Users/szabolcsszentes/Documents/projects/dbt_test_for_run/target/semantic_manifest.json
[0m09:59:23.160547 [debug] [MainThread]: Wrote artifact RunExecutionResult to /Users/szabolcsszentes/Documents/projects/dbt_test_for_run/target/run_results.json
[0m09:59:23.160712 [info ] [MainThread]: 
[0m09:59:23.160907 [info ] [MainThread]: [32mCompleted successfully[0m
[0m09:59:23.161046 [info ] [MainThread]: 
[0m09:59:23.161206 [info ] [MainThread]: Done. PASS=3 WARN=0 ERROR=0 SKIP=0 NO-OP=0 TOTAL=3
[0m09:59:23.163941 [debug] [MainThread]: Resource report: {"command_name": "run", "command_success": true, "command_wall_clock_time": 24.936321, "process_in_blocks": "0", "process_kernel_time": 0.327149, "process_mem_max_rss": "253411328", "process_out_blocks": "0", "process_user_time": 1.468123}
[0m09:59:23.164193 [debug] [MainThread]: Command `dbt run` succeeded at 09:59:23.164144 after 24.94 seconds
[0m09:59:23.164393 [debug] [MainThread]: Sending event: {'category': 'dbt', 'action': 'invocation', 'label': 'end', 'context': [<snowplow_tracker.self_describing_json.SelfDescribingJson object at 0x10ba148f0>, <snowplow_tracker.self_describing_json.SelfDescribingJson object at 0x11406fd10>, <snowplow_tracker.self_describing_json.SelfDescribingJson object at 0x11406fb30>]}
[0m09:59:23.164571 [debug] [MainThread]: Flushing usage events
[0m09:59:23.748027 [debug] [MainThread]: An error was encountered while trying to flush usage events
[0m10:00:00.440515 [debug] [MainThread]: Sending event: {'category': 'dbt', 'action': 'invocation', 'label': 'start', 'context': [<snowplow_tracker.self_describing_json.SelfDescribingJson object at 0x10c4302f0>, <snowplow_tracker.self_describing_json.SelfDescribingJson object at 0x10d51b610>, <snowplow_tracker.self_describing_json.SelfDescribingJson object at 0x10d51b890>]}


============================== 10:00:00.443114 | d6d201f5-eedc-4b76-8d75-745a1c29c363 ==============================
[0m10:00:00.443114 [info ] [MainThread]: Running with dbt=1.11.6
[0m10:00:00.443363 [debug] [MainThread]: running dbt with arguments {'version_check': 'True', 'warn_error': 'None', 'warn_error_options': 'WarnErrorOptionsV2(error=[], warn=[], silence=[])', 'quiet': 'False', 'empty': 'None', 'log_path': '/Users/szabolcsszentes/Documents/projects/dbt_test_for_run/logs', 'profiles_dir': '.', 'partial_parse': 'True', 'log_format': 'default', 'log_cache_events': 'False', 'target_path': 'None', 'send_anonymous_usage_stats': 'True', 'introspect': 'True', 'write_json': 'True', 'invocation_command': 'dbt seed --profiles-dir . --target databricks --selector second_group', 'printer_width': '80', 'indirect_selection': 'eager', 'fail_fast': 'False', 'static_parser': 'True', 'use_experimental_parser': 'False', 'cache_selected_only': 'False', 'use_colors': 'True', 'no_print': 'None', 'debug': 'False'}
[0m10:00:00.832302 [debug] [MainThread]: Spark adapter: Setting pyhive.hive logging to ERROR
[0m10:00:00.832548 [debug] [MainThread]: Spark adapter: Setting thrift.transport logging to ERROR
[0m10:00:00.832671 [debug] [MainThread]: Spark adapter: Setting thrift.protocol logging to ERROR
[0m10:00:01.343501 [debug] [MainThread]: Sending event: {'category': 'dbt', 'action': 'project_id', 'label': 'd6d201f5-eedc-4b76-8d75-745a1c29c363', 'context': [<snowplow_tracker.self_describing_json.SelfDescribingJson object at 0x10c8296e0>]}
[0m10:00:01.367496 [debug] [MainThread]: Sending event: {'category': 'dbt', 'action': 'adapter_info', 'label': 'd6d201f5-eedc-4b76-8d75-745a1c29c363', 'context': [<snowplow_tracker.self_describing_json.SelfDescribingJson object at 0x1152e7020>]}
[0m10:00:01.367905 [info ] [MainThread]: Registered adapter: databricks=1.11.5
[0m10:00:01.427136 [warn ] [MainThread]: [[33mWARNING[0m]: Use managed Iceberg tables when table_format is iceberg. When this flag is disabled, UniForm is used instead.
You may opt into the new behavior sooner by setting `flags.use_managed_iceberg` to `True` in `dbt_project.yml`.
Visit https://docs.getdbt.com/reference/global-configs/behavior-changes for more information.
[0m10:00:01.427525 [debug] [MainThread]: Sending event: {'category': 'dbt', 'action': 'BehaviorChangeEvent', 'label': 'd6d201f5-eedc-4b76-8d75-745a1c29c363', 'context': [<snowplow_tracker.self_describing_json.SelfDescribingJson object at 0x115217b50>]}
[0m10:00:01.432840 [debug] [MainThread]: checksum: 6bff9b0fed7e2d76821166f4b272d8aa571bf0a0afe21c210d5eda6b781d3064, vars: {}, profile: , target: databricks, version: 1.11.6
[0m10:00:01.490599 [debug] [MainThread]: Partial parsing enabled: 0 files deleted, 0 files added, 0 files changed.
[0m10:00:01.490783 [debug] [MainThread]: Nothing changed, skipping partial parsing.
[0m10:00:01.490874 [debug] [MainThread]: Partial parsing enabled, no changes found, skipping parsing
[0m10:00:01.503877 [debug] [MainThread]: Sending event: {'category': 'dbt', 'action': 'load_project', 'label': 'd6d201f5-eedc-4b76-8d75-745a1c29c363', 'context': [<snowplow_tracker.self_describing_json.SelfDescribingJson object at 0x1157919a0>]}
[0m10:00:01.530172 [debug] [MainThread]: Wrote artifact WritableManifest to /Users/szabolcsszentes/Documents/projects/dbt_test_for_run/target/manifest.json
[0m10:00:01.531151 [debug] [MainThread]: Wrote artifact SemanticManifest to /Users/szabolcsszentes/Documents/projects/dbt_test_for_run/target/semantic_manifest.json
[0m10:00:01.536535 [debug] [MainThread]: Sending event: {'category': 'dbt', 'action': 'resource_counts', 'label': 'd6d201f5-eedc-4b76-8d75-745a1c29c363', 'context': [<snowplow_tracker.self_describing_json.SelfDescribingJson object at 0x1158ff150>]}
[0m10:00:01.536697 [info ] [MainThread]: Found 3 models, 1 seed, 731 macros
[0m10:00:01.536815 [debug] [MainThread]: Sending event: {'category': 'dbt', 'action': 'runnable_timing', 'label': 'd6d201f5-eedc-4b76-8d75-745a1c29c363', 'context': [<snowplow_tracker.self_describing_json.SelfDescribingJson object at 0x1158d6680>]}
[0m10:00:01.537435 [warn ] [MainThread]: Nothing to do. Try checking your model configs and model specification args
[0m10:00:01.538181 [debug] [MainThread]: Command end result
[0m10:00:01.548939 [debug] [MainThread]: Wrote artifact WritableManifest to /Users/szabolcsszentes/Documents/projects/dbt_test_for_run/target/manifest.json
[0m10:00:01.549754 [debug] [MainThread]: Wrote artifact SemanticManifest to /Users/szabolcsszentes/Documents/projects/dbt_test_for_run/target/semantic_manifest.json
[0m10:00:01.551027 [debug] [MainThread]: Wrote artifact RunExecutionResult to /Users/szabolcsszentes/Documents/projects/dbt_test_for_run/target/run_results.json
[0m10:00:01.551136 [info ] [MainThread]: 
[0m10:00:01.551263 [info ] [MainThread]: [32mCompleted successfully[0m
[0m10:00:01.551350 [info ] [MainThread]: 
[0m10:00:01.551445 [info ] [MainThread]: Done. PASS=0 WARN=0 ERROR=0 SKIP=0 NO-OP=0 TOTAL=0
[0m10:00:01.553810 [debug] [MainThread]: Resource report: {"command_name": "seed", "command_success": true, "command_wall_clock_time": 1.1417375, "process_in_blocks": "0", "process_kernel_time": 0.275257, "process_mem_max_rss": "244121600", "process_out_blocks": "0", "process_user_time": 1.136609}
[0m10:00:01.554126 [debug] [MainThread]: Command `dbt seed` succeeded at 10:00:01.554086 after 1.14 seconds
[0m10:00:01.554309 [debug] [MainThread]: Sending event: {'category': 'dbt', 'action': 'invocation', 'label': 'end', 'context': [<snowplow_tracker.self_describing_json.SelfDescribingJson object at 0x10d313950>, <snowplow_tracker.self_describing_json.SelfDescribingJson object at 0x1157bd4f0>, <snowplow_tracker.self_describing_json.SelfDescribingJson object at 0x1157bd5a0>]}
[0m10:00:01.554433 [debug] [MainThread]: Flushing usage events
[0m10:00:02.103225 [debug] [MainThread]: An error was encountered while trying to flush usage events
[0m10:00:16.593678 [debug] [MainThread]: Sending event: {'category': 'dbt', 'action': 'invocation', 'label': 'start', 'context': [<snowplow_tracker.self_describing_json.SelfDescribingJson object at 0x1088842f0>, <snowplow_tracker.self_describing_json.SelfDescribingJson object at 0x109973610>, <snowplow_tracker.self_describing_json.SelfDescribingJson object at 0x109973890>]}


============================== 10:00:16.596042 | 04472b95-b139-4a85-b48e-8680b5c9d67e ==============================
[0m10:00:16.596042 [info ] [MainThread]: Running with dbt=1.11.6
[0m10:00:16.596304 [debug] [MainThread]: running dbt with arguments {'write_json': 'True', 'log_cache_events': 'False', 'quiet': 'False', 'no_print': 'None', 'debug': 'False', 'send_anonymous_usage_stats': 'True', 'introspect': 'True', 'log_format': 'default', 'indirect_selection': 'eager', 'use_colors': 'True', 'warn_error': 'None', 'use_experimental_parser': 'False', 'invocation_command': 'dbt ls --profiles-dir . --target databricks --selector second_group', 'static_parser': 'True', 'partial_parse': 'True', 'printer_width': '80', 'log_path': '/Users/szabolcsszentes/Documents/projects/dbt_test_for_run/logs', 'profiles_dir': '.', 'cache_selected_only': 'False', 'warn_error_options': 'WarnErrorOptionsV2(error=[], warn=[], silence=[])', 'empty': 'None', 'fail_fast': 'False', 'target_path': 'None', 'version_check': 'True'}
[0m10:00:16.959449 [debug] [MainThread]: Spark adapter: Setting pyhive.hive logging to ERROR
[0m10:00:16.959666 [debug] [MainThread]: Spark adapter: Setting thrift.transport logging to ERROR
[0m10:00:16.959768 [debug] [MainThread]: Spark adapter: Setting thrift.protocol logging to ERROR
[0m10:00:17.452214 [debug] [MainThread]: Sending event: {'category': 'dbt', 'action': 'project_id', 'label': '04472b95-b139-4a85-b48e-8680b5c9d67e', 'context': [<snowplow_tracker.self_describing_json.SelfDescribingJson object at 0x108c7d6e0>]}
[0m10:00:17.471992 [debug] [MainThread]: Sending event: {'category': 'dbt', 'action': 'adapter_info', 'label': '04472b95-b139-4a85-b48e-8680b5c9d67e', 'context': [<snowplow_tracker.self_describing_json.SelfDescribingJson object at 0x11174b130>]}
[0m10:00:17.472296 [info ] [MainThread]: Registered adapter: databricks=1.11.5
[0m10:00:17.531893 [warn ] [MainThread]: [[33mWARNING[0m]: Use managed Iceberg tables when table_format is iceberg. When this flag is disabled, UniForm is used instead.
You may opt into the new behavior sooner by setting `flags.use_managed_iceberg` to `True` in `dbt_project.yml`.
Visit https://docs.getdbt.com/reference/global-configs/behavior-changes for more information.
[0m10:00:17.532274 [debug] [MainThread]: Sending event: {'category': 'dbt', 'action': 'BehaviorChangeEvent', 'label': '04472b95-b139-4a85-b48e-8680b5c9d67e', 'context': [<snowplow_tracker.self_describing_json.SelfDescribingJson object at 0x11168fb50>]}
[0m10:00:17.537163 [debug] [MainThread]: checksum: 6bff9b0fed7e2d76821166f4b272d8aa571bf0a0afe21c210d5eda6b781d3064, vars: {}, profile: , target: databricks, version: 1.11.6
[0m10:00:17.591169 [debug] [MainThread]: Partial parsing enabled: 0 files deleted, 0 files added, 0 files changed.
[0m10:00:17.591354 [debug] [MainThread]: Nothing changed, skipping partial parsing.
[0m10:00:17.591442 [debug] [MainThread]: Partial parsing enabled, no changes found, skipping parsing
[0m10:00:17.604146 [debug] [MainThread]: Sending event: {'category': 'dbt', 'action': 'load_project', 'label': '04472b95-b139-4a85-b48e-8680b5c9d67e', 'context': [<snowplow_tracker.self_describing_json.SelfDescribingJson object at 0x111bfda90>]}
[0m10:00:17.630358 [debug] [MainThread]: Wrote artifact WritableManifest to /Users/szabolcsszentes/Documents/projects/dbt_test_for_run/target/manifest.json
[0m10:00:17.631384 [debug] [MainThread]: Wrote artifact SemanticManifest to /Users/szabolcsszentes/Documents/projects/dbt_test_for_run/target/semantic_manifest.json
[0m10:00:17.635303 [debug] [MainThread]: Sending event: {'category': 'dbt', 'action': 'resource_counts', 'label': '04472b95-b139-4a85-b48e-8680b5c9d67e', 'context': [<snowplow_tracker.self_describing_json.SelfDescribingJson object at 0x1119927b0>]}
[0m10:00:17.635475 [info ] [MainThread]: Found 3 models, 1 seed, 731 macros
[0m10:00:17.635598 [debug] [MainThread]: Sending event: {'category': 'dbt', 'action': 'runnable_timing', 'label': '04472b95-b139-4a85-b48e-8680b5c9d67e', 'context': [<snowplow_tracker.self_describing_json.SelfDescribingJson object at 0x111d4ad00>]}
[0m10:00:17.635903 [info ] [MainThread]: dbt_test.second_group.modified_customers
[0m10:00:17.636014 [info ] [MainThread]: dbt_test.second_group.selected_customers
[0m10:00:17.638128 [debug] [MainThread]: Resource report: {"command_name": "list", "command_success": true, "command_wall_clock_time": 1.0709914, "process_in_blocks": "0", "process_kernel_time": 0.260433, "process_mem_max_rss": "243335168", "process_out_blocks": "0", "process_user_time": 1.120965}
[0m10:00:17.638395 [debug] [MainThread]: Command `dbt ls` succeeded at 10:00:17.638359 after 1.07 seconds
[0m10:00:17.638536 [debug] [MainThread]: Sending event: {'category': 'dbt', 'action': 'invocation', 'label': 'end', 'context': [<snowplow_tracker.self_describing_json.SelfDescribingJson object at 0x109767a10>, <snowplow_tracker.self_describing_json.SelfDescribingJson object at 0x111c64f70>, <snowplow_tracker.self_describing_json.SelfDescribingJson object at 0x111c65020>]}
[0m10:00:17.638638 [debug] [MainThread]: Flushing usage events
[0m10:00:18.228097 [debug] [MainThread]: An error was encountered while trying to flush usage events
[0m10:00:25.647094 [debug] [MainThread]: Sending event: {'category': 'dbt', 'action': 'invocation', 'label': 'start', 'context': [<snowplow_tracker.self_describing_json.SelfDescribingJson object at 0x10cf2c2f0>, <snowplow_tracker.self_describing_json.SelfDescribingJson object at 0x10e01b610>, <snowplow_tracker.self_describing_json.SelfDescribingJson object at 0x10e01b890>]}


============================== 10:00:25.648800 | 98385d79-990e-4e86-9e58-06a8685c1575 ==============================
[0m10:00:25.648800 [info ] [MainThread]: Running with dbt=1.11.6
[0m10:00:25.649050 [debug] [MainThread]: running dbt with arguments {'version_check': 'True', 'send_anonymous_usage_stats': 'True', 'log_format': 'default', 'fail_fast': 'False', 'static_parser': 'True', 'indirect_selection': 'eager', 'debug': 'False', 'write_json': 'True', 'empty': 'False', 'warn_error_options': 'WarnErrorOptionsV2(error=[], warn=[], silence=[])', 'partial_parse': 'True', 'invocation_command': 'dbt run --profiles-dir . --target databricks --selector second_group', 'warn_error': 'None', 'introspect': 'True', 'log_cache_events': 'False', 'cache_selected_only': 'False', 'no_print': 'None', 'quiet': 'False', 'printer_width': '80', 'log_path': '/Users/szabolcsszentes/Documents/projects/dbt_test_for_run/logs', 'profiles_dir': '.', 'use_experimental_parser': 'False', 'use_colors': 'True', 'target_path': 'None'}
[0m10:00:25.975843 [debug] [MainThread]: Spark adapter: Setting pyhive.hive logging to ERROR
[0m10:00:25.976091 [debug] [MainThread]: Spark adapter: Setting thrift.transport logging to ERROR
[0m10:00:25.976212 [debug] [MainThread]: Spark adapter: Setting thrift.protocol logging to ERROR
[0m10:00:26.338781 [debug] [MainThread]: Sending event: {'category': 'dbt', 'action': 'project_id', 'label': '98385d79-990e-4e86-9e58-06a8685c1575', 'context': [<snowplow_tracker.self_describing_json.SelfDescribingJson object at 0x10d3296e0>]}
[0m10:00:26.357958 [debug] [MainThread]: Sending event: {'category': 'dbt', 'action': 'adapter_info', 'label': '98385d79-990e-4e86-9e58-06a8685c1575', 'context': [<snowplow_tracker.self_describing_json.SelfDescribingJson object at 0x115de7020>]}
[0m10:00:26.358228 [info ] [MainThread]: Registered adapter: databricks=1.11.5
[0m10:00:26.414285 [warn ] [MainThread]: [[33mWARNING[0m]: Use managed Iceberg tables when table_format is iceberg. When this flag is disabled, UniForm is used instead.
You may opt into the new behavior sooner by setting `flags.use_managed_iceberg` to `True` in `dbt_project.yml`.
Visit https://docs.getdbt.com/reference/global-configs/behavior-changes for more information.
[0m10:00:26.414651 [debug] [MainThread]: Sending event: {'category': 'dbt', 'action': 'BehaviorChangeEvent', 'label': '98385d79-990e-4e86-9e58-06a8685c1575', 'context': [<snowplow_tracker.self_describing_json.SelfDescribingJson object at 0x115d17b50>]}
[0m10:00:26.419133 [debug] [MainThread]: checksum: 6bff9b0fed7e2d76821166f4b272d8aa571bf0a0afe21c210d5eda6b781d3064, vars: {}, profile: , target: databricks, version: 1.11.6
[0m10:00:26.473386 [debug] [MainThread]: Partial parsing enabled: 0 files deleted, 0 files added, 0 files changed.
[0m10:00:26.473627 [debug] [MainThread]: Nothing changed, skipping partial parsing.
[0m10:00:26.473734 [debug] [MainThread]: Partial parsing enabled, no changes found, skipping parsing
[0m10:00:26.486974 [debug] [MainThread]: Sending event: {'category': 'dbt', 'action': 'load_project', 'label': '98385d79-990e-4e86-9e58-06a8685c1575', 'context': [<snowplow_tracker.self_describing_json.SelfDescribingJson object at 0x116289b80>]}
[0m10:00:26.512836 [debug] [MainThread]: Wrote artifact WritableManifest to /Users/szabolcsszentes/Documents/projects/dbt_test_for_run/target/manifest.json
[0m10:00:26.513667 [debug] [MainThread]: Wrote artifact SemanticManifest to /Users/szabolcsszentes/Documents/projects/dbt_test_for_run/target/semantic_manifest.json
[0m10:00:26.518589 [debug] [MainThread]: Sending event: {'category': 'dbt', 'action': 'resource_counts', 'label': '98385d79-990e-4e86-9e58-06a8685c1575', 'context': [<snowplow_tracker.self_describing_json.SelfDescribingJson object at 0x1163feeb0>]}
[0m10:00:26.518775 [info ] [MainThread]: Found 3 models, 1 seed, 731 macros
[0m10:00:26.518898 [debug] [MainThread]: Sending event: {'category': 'dbt', 'action': 'runnable_timing', 'label': '98385d79-990e-4e86-9e58-06a8685c1575', 'context': [<snowplow_tracker.self_describing_json.SelfDescribingJson object at 0x1163d69c0>]}
[0m10:00:26.519573 [info ] [MainThread]: 
[0m10:00:26.519699 [info ] [MainThread]: Concurrency: 1 threads (target='databricks')
[0m10:00:26.519794 [info ] [MainThread]: 
[0m10:00:26.520013 [debug] [MainThread]: Databricks adapter: DatabricksDBTConnection(session-id=None, name=master) - Creating connection
[0m10:00:26.520120 [debug] [MainThread]: Acquiring new databricks connection 'master'
[0m10:00:26.522229 [debug] [ThreadPool]: Databricks adapter: DatabricksDBTConnection(session-id=None, name=list_datapao_cns) - Creating connection
[0m10:00:26.522349 [debug] [ThreadPool]: Acquiring new databricks connection 'list_datapao_cns'
[0m10:00:26.527779 [debug] [ThreadPool]: Using databricks connection "list_datapao_cns"
[0m10:00:26.527953 [debug] [ThreadPool]: On list_datapao_cns: /* {"app": "dbt", "dbt_version": "1.11.6", "dbt_databricks_version": "1.11.5", "databricks_sql_connector_version": "4.1.3", "profile_name": "dbt_test", "target_name": "databricks", "connection_name": "list_datapao_cns"} */

    

  SHOW SCHEMAS IN `datapao_cns`


  
[0m10:00:26.528059 [debug] [ThreadPool]: Opening a new connection, currently in state init
[0m10:00:26.724340 [debug] [ThreadPool]: Databricks adapter: Connection(session-id=01f11d28-bf18-12e8-85b3-82df6285c096) - Created
[0m10:00:27.163307 [debug] [ThreadPool]: SQL status: OK in 0.640 seconds
[0m10:00:27.174284 [debug] [ThreadPool]: Databricks adapter: Cursor(session-id=01f11d28-bf18-12e8-85b3-82df6285c096, command-id=01f11d28-bf1f-1aee-93ab-e35b7fca77a2) - Closing
[0m10:00:27.174772 [debug] [ThreadPool]: On list_datapao_cns: Close
[0m10:00:27.174976 [debug] [ThreadPool]: Databricks adapter: Connection(session-id=01f11d28-bf18-12e8-85b3-82df6285c096) - Closing
[0m10:00:27.253201 [debug] [ThreadPool]: Databricks adapter: DatabricksDBTConnection(session-id=None, name=list_datapao_cns_dbt_test) - Creating connection
[0m10:00:27.253805 [debug] [ThreadPool]: Acquiring new databricks connection 'list_datapao_cns_dbt_test'
[0m10:00:27.261173 [debug] [ThreadPool]: Using databricks connection "list_datapao_cns_dbt_test"
[0m10:00:27.261434 [debug] [ThreadPool]: On list_datapao_cns_dbt_test: /* {"app": "dbt", "dbt_version": "1.11.6", "dbt_databricks_version": "1.11.5", "databricks_sql_connector_version": "4.1.3", "profile_name": "dbt_test", "target_name": "databricks", "connection_name": "list_datapao_cns_dbt_test"} */

    
SELECT
  table_name,
  if(table_type IN ('EXTERNAL', 'MANAGED', 'MANAGED_SHALLOW_CLONE', 'EXTERNAL_SHALLOW_CLONE'), 'table', lower(table_type)) AS table_type,
  lower(data_source_format) AS file_format,
  table_owner,
  if(
    table_type IN (
      'EXTERNAL',
      'MANAGED',
      'MANAGED_SHALLOW_CLONE',
      'EXTERNAL_SHALLOW_CLONE'
    ),
    lower(table_type),
    NULL
  ) AS databricks_table_type
FROM `system`.`information_schema`.`tables`
WHERE table_catalog = 'datapao_cns' 
  AND table_schema = 'dbt_test'

  
[0m10:00:27.261614 [debug] [ThreadPool]: Opening a new connection, currently in state init
[0m10:00:27.399928 [debug] [ThreadPool]: Databricks adapter: Connection(session-id=01f11d28-bf7e-17d2-8afe-9e9d3015b048) - Created
[0m10:00:27.870891 [debug] [ThreadPool]: SQL status: OK in 0.610 seconds
[0m10:00:27.874461 [debug] [ThreadPool]: Databricks adapter: Cursor(session-id=01f11d28-bf7e-17d2-8afe-9e9d3015b048, command-id=01f11d28-bf86-14f2-8531-f3bf58033a9b) - Closing
[0m10:00:27.875025 [debug] [ThreadPool]: On list_datapao_cns_dbt_test: Close
[0m10:00:27.875317 [debug] [ThreadPool]: Databricks adapter: Connection(session-id=01f11d28-bf7e-17d2-8afe-9e9d3015b048) - Closing
[0m10:00:27.943967 [debug] [MainThread]: Sending event: {'category': 'dbt', 'action': 'runnable_timing', 'label': '98385d79-990e-4e86-9e58-06a8685c1575', 'context': [<snowplow_tracker.self_describing_json.SelfDescribingJson object at 0x116277110>]}
[0m10:00:27.947431 [debug] [Thread-3 (]: Began running node model.dbt_test.modified_customers
[0m10:00:27.947863 [info ] [Thread-3 (]: 1 of 2 START sql table model dbt_test.modified_customers ....................... [RUN]
[0m10:00:27.948274 [debug] [Thread-3 (]: Databricks adapter: DatabricksDBTConnection(session-id=None, name=model.dbt_test.modified_customers) - Creating connection
[0m10:00:27.948488 [debug] [Thread-3 (]: Acquiring new databricks connection 'model.dbt_test.modified_customers'
[0m10:00:27.948684 [debug] [Thread-3 (]: Began compiling node model.dbt_test.modified_customers
[0m10:00:27.953814 [debug] [Thread-3 (]: Writing injected SQL for node "model.dbt_test.modified_customers"
[0m10:00:27.954272 [debug] [Thread-3 (]: Began executing node model.dbt_test.modified_customers
[0m10:00:27.965781 [debug] [Thread-3 (]: MATERIALIZING TABLE
[0m10:00:27.966180 [warn ] [Thread-3 (]: [[33mWARNING[0m]: Use revamped materializations based on separating create and insert.  This allows more performant column comments, as well as new column features.
You may opt into the new behavior sooner by setting `flags.use_materialization_v2` to `True` in `dbt_project.yml`.
Visit https://docs.getdbt.com/reference/global-configs/behavior-changes for more information.
[0m10:00:27.966422 [debug] [Thread-3 (]: Sending event: {'category': 'dbt', 'action': 'BehaviorChangeEvent', 'label': '98385d79-990e-4e86-9e58-06a8685c1575', 'context': [<snowplow_tracker.self_describing_json.SelfDescribingJson object at 0x1162f2200>]}
[0m10:00:27.987980 [debug] [Thread-3 (]: Writing runtime sql for node "model.dbt_test.modified_customers"
[0m10:00:27.988644 [debug] [Thread-3 (]: Using databricks connection "model.dbt_test.modified_customers"
[0m10:00:27.988833 [debug] [Thread-3 (]: On model.dbt_test.modified_customers: /* {"app": "dbt", "dbt_version": "1.11.6", "dbt_databricks_version": "1.11.5", "databricks_sql_connector_version": "4.1.3", "profile_name": "dbt_test", "target_name": "databricks", "node_id": "model.dbt_test.modified_customers"} */

  
    
        create or replace table `datapao_cns`.`dbt_test`.`modified_customers`
      
      
    using delta
  
      
      
      
      
      
      
      
      as
      select
    customer_id,
    first_name || ' ' || last_name as full_name,
    email,
    signup_date,
    'modified' as status
from `datapao_cns`.`dbt_test`.`customers`
  
[0m10:00:27.988990 [debug] [Thread-3 (]: Opening a new connection, currently in state init
[0m10:00:28.116708 [debug] [Thread-3 (]: Databricks adapter: Connection(session-id=01f11d28-bfeb-1ce0-803d-1ca6eef1756f) - Created
[0m10:00:30.589547 [debug] [Thread-3 (]: SQL status: OK in 2.600 seconds
[0m10:00:30.591139 [debug] [Thread-3 (]: Databricks adapter: Cursor(session-id=01f11d28-bfeb-1ce0-803d-1ca6eef1756f, command-id=01f11d28-bff3-191e-b23f-4338e11560de) - Closing
[0m10:00:30.602317 [debug] [Thread-3 (]: Applying tags to relation None
[0m10:00:30.613710 [debug] [Thread-3 (]: On model.dbt_test.modified_customers: Close
[0m10:00:30.613942 [debug] [Thread-3 (]: Databricks adapter: Connection(session-id=01f11d28-bfeb-1ce0-803d-1ca6eef1756f) - Closing
[0m10:00:30.684022 [debug] [Thread-3 (]: Sending event: {'category': 'dbt', 'action': 'run_model', 'label': '98385d79-990e-4e86-9e58-06a8685c1575', 'context': [<snowplow_tracker.self_describing_json.SelfDescribingJson object at 0x10d2c25d0>]}
[0m10:00:30.684614 [info ] [Thread-3 (]: 1 of 2 OK created sql table model dbt_test.modified_customers .................. [[32mOK[0m in 2.73s]
[0m10:00:30.685068 [debug] [Thread-3 (]: Finished running node model.dbt_test.modified_customers
[0m10:00:30.685370 [debug] [Thread-3 (]: Began running node model.dbt_test.selected_customers
[0m10:00:30.685841 [info ] [Thread-3 (]: 2 of 2 START sql table model dbt_test.selected_customers ....................... [RUN]
[0m10:00:30.686391 [debug] [Thread-3 (]: Databricks adapter: DatabricksDBTConnection(session-id=None, name=model.dbt_test.selected_customers) - Creating connection
[0m10:00:30.686692 [debug] [Thread-3 (]: Acquiring new databricks connection 'model.dbt_test.selected_customers'
[0m10:00:30.686882 [debug] [Thread-3 (]: Began compiling node model.dbt_test.selected_customers
[0m10:00:30.689157 [debug] [Thread-3 (]: Writing injected SQL for node "model.dbt_test.selected_customers"
[0m10:00:30.690033 [debug] [Thread-3 (]: Began executing node model.dbt_test.selected_customers
[0m10:00:30.693058 [debug] [Thread-3 (]: MATERIALIZING TABLE
[0m10:00:30.694476 [debug] [Thread-3 (]: Writing runtime sql for node "model.dbt_test.selected_customers"
[0m10:00:30.695104 [debug] [Thread-3 (]: Using databricks connection "model.dbt_test.selected_customers"
[0m10:00:30.695323 [debug] [Thread-3 (]: On model.dbt_test.selected_customers: /* {"app": "dbt", "dbt_version": "1.11.6", "dbt_databricks_version": "1.11.5", "databricks_sql_connector_version": "4.1.3", "profile_name": "dbt_test", "target_name": "databricks", "node_id": "model.dbt_test.selected_customers"} */

  
    
        create or replace table `datapao_cns`.`dbt_test`.`selected_customers`
      
      
    using delta
  
      
      
      
      
      
      
      
      as
      select
    customer_id,
    first_name || ' ' || last_name as full_name,
    email,
    signup_date,
    'selected' as status
from `datapao_cns`.`dbt_test`.`customers`
where signup_date >= '2024-04-01'
  
[0m10:00:30.695504 [debug] [Thread-3 (]: Opening a new connection, currently in state init
[0m10:00:30.828733 [debug] [Thread-3 (]: Databricks adapter: Connection(session-id=01f11d28-c189-1836-99fc-26ea9cc81152) - Created
[0m10:00:33.294960 [debug] [Thread-3 (]: SQL status: OK in 2.600 seconds
[0m10:00:33.296499 [debug] [Thread-3 (]: Databricks adapter: Cursor(session-id=01f11d28-c189-1836-99fc-26ea9cc81152, command-id=01f11d28-c192-1031-9477-74b85aaf4b9e) - Closing
[0m10:00:33.297813 [debug] [Thread-3 (]: Applying tags to relation None
[0m10:00:33.299508 [debug] [Thread-3 (]: On model.dbt_test.selected_customers: Close
[0m10:00:33.299874 [debug] [Thread-3 (]: Databricks adapter: Connection(session-id=01f11d28-c189-1836-99fc-26ea9cc81152) - Closing
[0m10:00:33.377050 [debug] [Thread-3 (]: Sending event: {'category': 'dbt', 'action': 'run_model', 'label': '98385d79-990e-4e86-9e58-06a8685c1575', 'context': [<snowplow_tracker.self_describing_json.SelfDescribingJson object at 0x1162231d0>]}
[0m10:00:33.378206 [info ] [Thread-3 (]: 2 of 2 OK created sql table model dbt_test.selected_customers .................. [[32mOK[0m in 2.69s]
[0m10:00:33.378960 [debug] [Thread-3 (]: Finished running node model.dbt_test.selected_customers
[0m10:00:33.380767 [debug] [MainThread]: Databricks adapter: DatabricksDBTConnection(session-id=None, name=master) - Creating connection
[0m10:00:33.381298 [debug] [MainThread]: Acquiring new databricks connection 'master'
[0m10:00:33.381901 [info ] [MainThread]: 
[0m10:00:33.382272 [info ] [MainThread]: Finished running 2 table models in 0 hours 0 minutes and 6.86 seconds (6.86s).
[0m10:00:33.383046 [debug] [MainThread]: Command end result
[0m10:00:33.406133 [debug] [MainThread]: Wrote artifact WritableManifest to /Users/szabolcsszentes/Documents/projects/dbt_test_for_run/target/manifest.json
[0m10:00:33.407338 [debug] [MainThread]: Wrote artifact SemanticManifest to /Users/szabolcsszentes/Documents/projects/dbt_test_for_run/target/semantic_manifest.json
[0m10:00:33.410667 [debug] [MainThread]: Wrote artifact RunExecutionResult to /Users/szabolcsszentes/Documents/projects/dbt_test_for_run/target/run_results.json
[0m10:00:33.410821 [info ] [MainThread]: 
[0m10:00:33.411001 [info ] [MainThread]: [32mCompleted successfully[0m
[0m10:00:33.411131 [info ] [MainThread]: 
[0m10:00:33.411279 [info ] [MainThread]: Done. PASS=2 WARN=0 ERROR=0 SKIP=0 NO-OP=0 TOTAL=2
[0m10:00:33.414099 [debug] [MainThread]: Resource report: {"command_name": "run", "command_success": true, "command_wall_clock_time": 7.792132, "process_in_blocks": "0", "process_kernel_time": 0.230125, "process_mem_max_rss": "253362176", "process_out_blocks": "0", "process_user_time": 1.365099}
[0m10:00:33.414390 [debug] [MainThread]: Command `dbt run` succeeded at 10:00:33.414336 after 7.79 seconds
[0m10:00:33.414611 [debug] [MainThread]: Sending event: {'category': 'dbt', 'action': 'invocation', 'label': 'end', 'context': [<snowplow_tracker.self_describing_json.SelfDescribingJson object at 0x10e070ec0>, <snowplow_tracker.self_describing_json.SelfDescribingJson object at 0x10a053b60>, <snowplow_tracker.self_describing_json.SelfDescribingJson object at 0x10bea3170>]}
[0m10:00:33.414798 [debug] [MainThread]: Flushing usage events
[0m10:00:33.925398 [debug] [MainThread]: An error was encountered while trying to flush usage events
[0m10:29:58.771107 [debug] [MainThread]: Sending event: {'category': 'dbt', 'action': 'invocation', 'label': 'start', 'context': [<snowplow_tracker.self_describing_json.SelfDescribingJson object at 0x10a8c42f0>, <snowplow_tracker.self_describing_json.SelfDescribingJson object at 0x10b9af610>, <snowplow_tracker.self_describing_json.SelfDescribingJson object at 0x10b9af890>]}


============================== 10:29:58.774139 | 9ebd9e82-d775-4901-b1f1-be52e92eb0f7 ==============================
[0m10:29:58.774139 [info ] [MainThread]: Running with dbt=1.11.6
[0m10:29:58.774427 [debug] [MainThread]: running dbt with arguments {'printer_width': '80', 'warn_error': 'None', 'write_json': 'True', 'invocation_command': 'dbt seed --profiles-dir . --target databricks --selector second_group', 'partial_parse': 'True', 'target_path': 'None', 'quiet': 'False', 'introspect': 'True', 'debug': 'False', 'profiles_dir': '.', 'log_path': '/Users/szabolcsszentes/Documents/projects/dbt_test_for_run/logs', 'use_experimental_parser': 'False', 'empty': 'None', 'static_parser': 'True', 'log_cache_events': 'False', 'version_check': 'True', 'no_print': 'None', 'log_format': 'default', 'use_colors': 'True', 'indirect_selection': 'eager', 'warn_error_options': 'WarnErrorOptionsV2(error=[], warn=[], silence=[])', 'cache_selected_only': 'False', 'send_anonymous_usage_stats': 'True', 'fail_fast': 'False'}
[0m10:29:59.180663 [debug] [MainThread]: Spark adapter: Setting pyhive.hive logging to ERROR
[0m10:29:59.180886 [debug] [MainThread]: Spark adapter: Setting thrift.transport logging to ERROR
[0m10:29:59.180990 [debug] [MainThread]: Spark adapter: Setting thrift.protocol logging to ERROR
[0m10:29:59.686489 [error] [MainThread]: Encountered an error:
Runtime Error
  Could not read selector file data: Runtime Error
    Only a single 'union' or 'intersection' key is allowed in a root level selector definition; found union,exclude.
[0m10:29:59.688790 [debug] [MainThread]: Resource report: {"command_name": "seed", "command_success": false, "command_wall_clock_time": 0.9513452, "process_in_blocks": "0", "process_kernel_time": 0.254777, "process_mem_max_rss": "236929024", "process_out_blocks": "0", "process_user_time": 1.064765}
[0m10:29:59.689093 [debug] [MainThread]: Command `dbt seed` failed at 10:29:59.689051 after 0.95 seconds
[0m10:29:59.689236 [debug] [MainThread]: Sending event: {'category': 'dbt', 'action': 'invocation', 'label': 'end', 'context': [<snowplow_tracker.self_describing_json.SelfDescribingJson object at 0x10acbd480>, <snowplow_tracker.self_describing_json.SelfDescribingJson object at 0x113919a30>, <snowplow_tracker.self_describing_json.SelfDescribingJson object at 0x1137567a0>]}
[0m10:29:59.689391 [debug] [MainThread]: Flushing usage events
[0m10:30:00.302983 [debug] [MainThread]: An error was encountered while trying to flush usage events
[0m10:30:10.330735 [debug] [MainThread]: Sending event: {'category': 'dbt', 'action': 'invocation', 'label': 'start', 'context': [<snowplow_tracker.self_describing_json.SelfDescribingJson object at 0x108f642f0>, <snowplow_tracker.self_describing_json.SelfDescribingJson object at 0x10a053610>, <snowplow_tracker.self_describing_json.SelfDescribingJson object at 0x10a053890>]}


============================== 10:30:10.333108 | 3c0576a4-e40c-43ce-9a45-e2d722df7339 ==============================
[0m10:30:10.333108 [info ] [MainThread]: Running with dbt=1.11.6
[0m10:30:10.333365 [debug] [MainThread]: running dbt with arguments {'fail_fast': 'False', 'version_check': 'True', 'warn_error_options': 'WarnErrorOptionsV2(error=[], warn=[], silence=[])', 'introspect': 'True', 'indirect_selection': 'eager', 'debug': 'False', 'invocation_command': 'dbt seed --profiles-dir . --target databricks', 'use_experimental_parser': 'False', 'log_path': '/Users/szabolcsszentes/Documents/projects/dbt_test_for_run/logs', 'use_colors': 'True', 'no_print': 'None', 'static_parser': 'True', 'profiles_dir': '.', 'log_cache_events': 'False', 'write_json': 'True', 'empty': 'None', 'cache_selected_only': 'False', 'printer_width': '80', 'partial_parse': 'True', 'quiet': 'False', 'target_path': 'None', 'send_anonymous_usage_stats': 'True', 'warn_error': 'None', 'log_format': 'default'}
[0m10:30:10.699577 [debug] [MainThread]: Spark adapter: Setting pyhive.hive logging to ERROR
[0m10:30:10.699814 [debug] [MainThread]: Spark adapter: Setting thrift.transport logging to ERROR
[0m10:30:10.699924 [debug] [MainThread]: Spark adapter: Setting thrift.protocol logging to ERROR
[0m10:30:11.194410 [error] [MainThread]: Encountered an error:
Runtime Error
  Could not read selector file data: Runtime Error
    Only a single 'union' or 'intersection' key is allowed in a root level selector definition; found union,exclude.
[0m10:30:11.196854 [debug] [MainThread]: Resource report: {"command_name": "seed", "command_success": false, "command_wall_clock_time": 0.89779234, "process_in_blocks": "0", "process_kernel_time": 0.220581, "process_mem_max_rss": "238518272", "process_out_blocks": "0", "process_user_time": 1.075229}
[0m10:30:11.197115 [debug] [MainThread]: Command `dbt seed` failed at 10:30:11.197076 after 0.90 seconds
[0m10:30:11.197239 [debug] [MainThread]: Sending event: {'category': 'dbt', 'action': 'invocation', 'label': 'end', 'context': [<snowplow_tracker.self_describing_json.SelfDescribingJson object at 0x109361480>, <snowplow_tracker.self_describing_json.SelfDescribingJson object at 0x112005a30>, <snowplow_tracker.self_describing_json.SelfDescribingJson object at 0x111e1e7a0>]}
[0m10:30:11.197363 [debug] [MainThread]: Flushing usage events
[0m10:30:11.716717 [debug] [MainThread]: An error was encountered while trying to flush usage events
[0m10:30:43.195588 [debug] [MainThread]: Sending event: {'category': 'dbt', 'action': 'invocation', 'label': 'start', 'context': [<snowplow_tracker.self_describing_json.SelfDescribingJson object at 0x108ea82f0>, <snowplow_tracker.self_describing_json.SelfDescribingJson object at 0x109f93610>, <snowplow_tracker.self_describing_json.SelfDescribingJson object at 0x109f93890>]}


============================== 10:30:43.198214 | dafa5595-65c1-4a70-9b8d-64e5c7a0739c ==============================
[0m10:30:43.198214 [info ] [MainThread]: Running with dbt=1.11.6
[0m10:30:43.198460 [debug] [MainThread]: running dbt with arguments {'target_path': 'None', 'log_path': '/Users/szabolcsszentes/Documents/projects/dbt_test_for_run/logs', 'cache_selected_only': 'False', 'static_parser': 'True', 'use_experimental_parser': 'False', 'introspect': 'True', 'write_json': 'True', 'printer_width': '80', 'profiles_dir': '.', 'quiet': 'False', 'warn_error': 'None', 'log_cache_events': 'False', 'version_check': 'True', 'empty': 'None', 'invocation_command': 'dbt seed --profiles-dir . --target databricks', 'partial_parse': 'True', 'debug': 'False', 'warn_error_options': 'WarnErrorOptionsV2(error=[], warn=[], silence=[])', 'fail_fast': 'False', 'send_anonymous_usage_stats': 'True', 'no_print': 'None', 'use_colors': 'True', 'log_format': 'default', 'indirect_selection': 'eager'}
[0m10:30:43.590588 [debug] [MainThread]: Spark adapter: Setting pyhive.hive logging to ERROR
[0m10:30:43.590813 [debug] [MainThread]: Spark adapter: Setting thrift.transport logging to ERROR
[0m10:30:43.590918 [debug] [MainThread]: Spark adapter: Setting thrift.protocol logging to ERROR
[0m10:30:44.097927 [error] [MainThread]: Encountered an error:
Runtime Error
  Could not read selector file data: Runtime Error
    Only a single 'union' or 'intersection' key is allowed in a root level selector definition; found union,exclude.
[0m10:30:44.100242 [debug] [MainThread]: Resource report: {"command_name": "seed", "command_success": false, "command_wall_clock_time": 0.93729776, "process_in_blocks": "0", "process_kernel_time": 0.270922, "process_mem_max_rss": "236797952", "process_out_blocks": "0", "process_user_time": 1.085435}
[0m10:30:44.100528 [debug] [MainThread]: Command `dbt seed` failed at 10:30:44.100493 after 0.94 seconds
[0m10:30:44.100656 [debug] [MainThread]: Sending event: {'category': 'dbt', 'action': 'invocation', 'label': 'end', 'context': [<snowplow_tracker.self_describing_json.SelfDescribingJson object at 0x1092a1480>, <snowplow_tracker.self_describing_json.SelfDescribingJson object at 0x111f21a30>, <snowplow_tracker.self_describing_json.SelfDescribingJson object at 0x111d5e7a0>]}
[0m10:30:44.100786 [debug] [MainThread]: Flushing usage events
[0m10:30:44.619808 [debug] [MainThread]: An error was encountered while trying to flush usage events
[0m10:30:57.548844 [debug] [MainThread]: Sending event: {'category': 'dbt', 'action': 'invocation', 'label': 'start', 'context': [<snowplow_tracker.self_describing_json.SelfDescribingJson object at 0x1083bc2f0>, <snowplow_tracker.self_describing_json.SelfDescribingJson object at 0x1094a7610>, <snowplow_tracker.self_describing_json.SelfDescribingJson object at 0x1094a7890>]}


============================== 10:30:57.552125 | b11a470b-9b63-4bff-b3c5-f28d674b22c1 ==============================
[0m10:30:57.552125 [info ] [MainThread]: Running with dbt=1.11.6
[0m10:30:57.552454 [debug] [MainThread]: running dbt with arguments {'invocation_command': 'dbt ls --profiles-dir . --target databricks --selector second_group_without_selected', 'warn_error': 'None', 'log_format': 'default', 'printer_width': '80', 'static_parser': 'True', 'introspect': 'True', 'debug': 'False', 'no_print': 'None', 'quiet': 'False', 'log_path': '/Users/szabolcsszentes/Documents/projects/dbt_test_for_run/logs', 'use_experimental_parser': 'False', 'empty': 'None', 'fail_fast': 'False', 'warn_error_options': 'WarnErrorOptionsV2(error=[], warn=[], silence=[])', 'log_cache_events': 'False', 'target_path': 'None', 'send_anonymous_usage_stats': 'True', 'profiles_dir': '.', 'partial_parse': 'True', 'use_colors': 'True', 'cache_selected_only': 'False', 'indirect_selection': 'eager', 'version_check': 'True', 'write_json': 'True'}
[0m10:30:57.936144 [debug] [MainThread]: Spark adapter: Setting pyhive.hive logging to ERROR
[0m10:30:57.936410 [debug] [MainThread]: Spark adapter: Setting thrift.transport logging to ERROR
[0m10:30:57.936540 [debug] [MainThread]: Spark adapter: Setting thrift.protocol logging to ERROR
[0m10:30:58.499553 [error] [MainThread]: Encountered an error:
Runtime Error
  Could not read selector file data: Runtime Error
    Only a single 'union' or 'intersection' key is allowed in a root level selector definition; found union,exclude.
[0m10:30:58.501774 [debug] [MainThread]: Resource report: {"command_name": "list", "command_success": false, "command_wall_clock_time": 0.98475903, "process_in_blocks": "0", "process_kernel_time": 0.244004, "process_mem_max_rss": "238682112", "process_out_blocks": "0", "process_user_time": 1.088294}
[0m10:30:58.502082 [debug] [MainThread]: Command `dbt ls` failed at 10:30:58.502042 after 0.99 seconds
[0m10:30:58.502218 [debug] [MainThread]: Sending event: {'category': 'dbt', 'action': 'invocation', 'label': 'end', 'context': [<snowplow_tracker.self_describing_json.SelfDescribingJson object at 0x1087b5480>, <snowplow_tracker.self_describing_json.SelfDescribingJson object at 0x111421a30>, <snowplow_tracker.self_describing_json.SelfDescribingJson object at 0x11123e690>]}
[0m10:30:58.502363 [debug] [MainThread]: Flushing usage events
[0m10:30:59.016451 [debug] [MainThread]: An error was encountered while trying to flush usage events
[0m10:31:05.979479 [debug] [MainThread]: Sending event: {'category': 'dbt', 'action': 'invocation', 'label': 'start', 'context': [<snowplow_tracker.self_describing_json.SelfDescribingJson object at 0x1086f02f0>, <snowplow_tracker.self_describing_json.SelfDescribingJson object at 0x1097db610>, <snowplow_tracker.self_describing_json.SelfDescribingJson object at 0x1097db890>]}


============================== 10:31:05.982318 | 463b0e35-7a4a-477f-abb3-98d96c9d9262 ==============================
[0m10:31:05.982318 [info ] [MainThread]: Running with dbt=1.11.6
[0m10:31:05.982596 [debug] [MainThread]: running dbt with arguments {'log_format': 'default', 'invocation_command': 'dbt run --profiles-dir . --target databricks --selector second_group_without_selected', 'write_json': 'True', 'send_anonymous_usage_stats': 'True', 'empty': 'False', 'profiles_dir': '.', 'warn_error': 'None', 'warn_error_options': 'WarnErrorOptionsV2(error=[], warn=[], silence=[])', 'introspect': 'True', 'use_colors': 'True', 'debug': 'False', 'log_cache_events': 'False', 'fail_fast': 'False', 'no_print': 'None', 'printer_width': '80', 'use_experimental_parser': 'False', 'indirect_selection': 'eager', 'quiet': 'False', 'log_path': '/Users/szabolcsszentes/Documents/projects/dbt_test_for_run/logs', 'target_path': 'None', 'cache_selected_only': 'False', 'partial_parse': 'True', 'static_parser': 'True', 'version_check': 'True'}
[0m10:31:06.358866 [debug] [MainThread]: Spark adapter: Setting pyhive.hive logging to ERROR
[0m10:31:06.359086 [debug] [MainThread]: Spark adapter: Setting thrift.transport logging to ERROR
[0m10:31:06.359197 [debug] [MainThread]: Spark adapter: Setting thrift.protocol logging to ERROR
[0m10:31:06.736474 [error] [MainThread]: Encountered an error:
Runtime Error
  Could not read selector file data: Runtime Error
    Only a single 'union' or 'intersection' key is allowed in a root level selector definition; found union,exclude.
[0m10:31:06.738689 [debug] [MainThread]: Resource report: {"command_name": "run", "command_success": false, "command_wall_clock_time": 0.78973925, "process_in_blocks": "0", "process_kernel_time": 0.184807, "process_mem_max_rss": "237338624", "process_out_blocks": "0", "process_user_time": 1.065873}
[0m10:31:06.738985 [debug] [MainThread]: Command `dbt run` failed at 10:31:06.738947 after 0.79 seconds
[0m10:31:06.739118 [debug] [MainThread]: Sending event: {'category': 'dbt', 'action': 'invocation', 'label': 'end', 'context': [<snowplow_tracker.self_describing_json.SelfDescribingJson object at 0x108ae9480>, <snowplow_tracker.self_describing_json.SelfDescribingJson object at 0x111755a30>, <snowplow_tracker.self_describing_json.SelfDescribingJson object at 0x1115827a0>]}
[0m10:31:06.739250 [debug] [MainThread]: Flushing usage events
[0m10:31:07.257314 [debug] [MainThread]: An error was encountered while trying to flush usage events
[0m10:31:28.811232 [debug] [MainThread]: Sending event: {'category': 'dbt', 'action': 'invocation', 'label': 'start', 'context': [<snowplow_tracker.self_describing_json.SelfDescribingJson object at 0x10cc802f0>, <snowplow_tracker.self_describing_json.SelfDescribingJson object at 0x10dd6f610>, <snowplow_tracker.self_describing_json.SelfDescribingJson object at 0x10dd6f890>]}


============================== 10:31:28.814053 | abeb32f7-b379-4ab0-8a78-a3f7d7dd87c5 ==============================
[0m10:31:28.814053 [info ] [MainThread]: Running with dbt=1.11.6
[0m10:31:28.814347 [debug] [MainThread]: running dbt with arguments {'log_format': 'default', 'static_parser': 'True', 'fail_fast': 'False', 'introspect': 'True', 'use_colors': 'True', 'debug': 'False', 'log_cache_events': 'False', 'partial_parse': 'True', 'version_check': 'True', 'log_path': '/Users/szabolcsszentes/Documents/projects/dbt_test_for_run/logs', 'quiet': 'False', 'target_path': 'None', 'warn_error_options': 'WarnErrorOptionsV2(error=[], warn=[], silence=[])', 'profiles_dir': '.', 'no_print': 'None', 'printer_width': '80', 'invocation_command': 'dbt ls --profiles-dir . --target databricks --selector second_group_without_selected', 'cache_selected_only': 'False', 'empty': 'None', 'indirect_selection': 'eager', 'send_anonymous_usage_stats': 'True', 'write_json': 'True', 'use_experimental_parser': 'False', 'warn_error': 'None'}
[0m10:31:29.217098 [debug] [MainThread]: Spark adapter: Setting pyhive.hive logging to ERROR
[0m10:31:29.217319 [debug] [MainThread]: Spark adapter: Setting thrift.transport logging to ERROR
[0m10:31:29.217423 [debug] [MainThread]: Spark adapter: Setting thrift.protocol logging to ERROR
[0m10:31:29.729840 [debug] [MainThread]: Sending event: {'category': 'dbt', 'action': 'project_id', 'label': 'abeb32f7-b379-4ab0-8a78-a3f7d7dd87c5', 'context': [<snowplow_tracker.self_describing_json.SelfDescribingJson object at 0x10d079480>]}
[0m10:31:29.750794 [debug] [MainThread]: Sending event: {'category': 'dbt', 'action': 'adapter_info', 'label': 'abeb32f7-b379-4ab0-8a78-a3f7d7dd87c5', 'context': [<snowplow_tracker.self_describing_json.SelfDescribingJson object at 0x115b03130>]}
[0m10:31:29.751098 [info ] [MainThread]: Registered adapter: databricks=1.11.5
[0m10:31:29.808869 [warn ] [MainThread]: [[33mWARNING[0m]: Use managed Iceberg tables when table_format is iceberg. When this flag is disabled, UniForm is used instead.
You may opt into the new behavior sooner by setting `flags.use_managed_iceberg` to `True` in `dbt_project.yml`.
Visit https://docs.getdbt.com/reference/global-configs/behavior-changes for more information.
[0m10:31:29.809279 [debug] [MainThread]: Sending event: {'category': 'dbt', 'action': 'BehaviorChangeEvent', 'label': 'abeb32f7-b379-4ab0-8a78-a3f7d7dd87c5', 'context': [<snowplow_tracker.self_describing_json.SelfDescribingJson object at 0x115a47b50>]}
[0m10:31:29.815531 [debug] [MainThread]: checksum: 6bff9b0fed7e2d76821166f4b272d8aa571bf0a0afe21c210d5eda6b781d3064, vars: {}, profile: , target: databricks, version: 1.11.6
[0m10:31:29.875790 [debug] [MainThread]: Partial parsing enabled: 0 files deleted, 0 files added, 0 files changed.
[0m10:31:29.875994 [debug] [MainThread]: Nothing changed, skipping partial parsing.
[0m10:31:29.876087 [debug] [MainThread]: Partial parsing enabled, no changes found, skipping parsing
[0m10:31:29.890361 [debug] [MainThread]: Sending event: {'category': 'dbt', 'action': 'load_project', 'label': 'abeb32f7-b379-4ab0-8a78-a3f7d7dd87c5', 'context': [<snowplow_tracker.self_describing_json.SelfDescribingJson object at 0x115fb5a90>]}
[0m10:31:29.919375 [debug] [MainThread]: Wrote artifact WritableManifest to /Users/szabolcsszentes/Documents/projects/dbt_test_for_run/target/manifest.json
[0m10:31:29.920737 [debug] [MainThread]: Wrote artifact SemanticManifest to /Users/szabolcsszentes/Documents/projects/dbt_test_for_run/target/semantic_manifest.json
[0m10:31:29.925742 [debug] [MainThread]: Sending event: {'category': 'dbt', 'action': 'resource_counts', 'label': 'abeb32f7-b379-4ab0-8a78-a3f7d7dd87c5', 'context': [<snowplow_tracker.self_describing_json.SelfDescribingJson object at 0x115d4a430>]}
[0m10:31:29.925925 [info ] [MainThread]: Found 3 models, 1 seed, 731 macros
[0m10:31:29.926042 [debug] [MainThread]: Sending event: {'category': 'dbt', 'action': 'runnable_timing', 'label': 'abeb32f7-b379-4ab0-8a78-a3f7d7dd87c5', 'context': [<snowplow_tracker.self_describing_json.SelfDescribingJson object at 0x116102d00>]}
[0m10:31:29.926380 [info ] [MainThread]: dbt_test.second_group.modified_customers
[0m10:31:29.928381 [debug] [MainThread]: Resource report: {"command_name": "list", "command_success": true, "command_wall_clock_time": 1.1484941, "process_in_blocks": "0", "process_kernel_time": 0.290909, "process_mem_max_rss": "245858304", "process_out_blocks": "0", "process_user_time": 1.224362}
[0m10:31:29.928669 [debug] [MainThread]: Command `dbt ls` succeeded at 10:31:29.928631 after 1.15 seconds
[0m10:31:29.928811 [debug] [MainThread]: Sending event: {'category': 'dbt', 'action': 'invocation', 'label': 'end', 'context': [<snowplow_tracker.self_describing_json.SelfDescribingJson object at 0x10db63a10>, <snowplow_tracker.self_describing_json.SelfDescribingJson object at 0x115fecf70>, <snowplow_tracker.self_describing_json.SelfDescribingJson object at 0x115fed020>]}
[0m10:31:29.928912 [debug] [MainThread]: Flushing usage events
[0m10:31:30.544143 [debug] [MainThread]: An error was encountered while trying to flush usage events
[0m10:31:35.209894 [debug] [MainThread]: Sending event: {'category': 'dbt', 'action': 'invocation', 'label': 'start', 'context': [<snowplow_tracker.self_describing_json.SelfDescribingJson object at 0x10a6382f0>, <snowplow_tracker.self_describing_json.SelfDescribingJson object at 0x10b723610>, <snowplow_tracker.self_describing_json.SelfDescribingJson object at 0x10b723890>]}


============================== 10:31:35.212444 | 26fa1505-b8df-476f-884b-e0520537b74c ==============================
[0m10:31:35.212444 [info ] [MainThread]: Running with dbt=1.11.6
[0m10:31:35.212697 [debug] [MainThread]: running dbt with arguments {'use_experimental_parser': 'False', 'invocation_command': 'dbt run --profiles-dir . --target databricks --selector second_group_without_selected', 'target_path': 'None', 'empty': 'False', 'write_json': 'True', 'warn_error_options': 'WarnErrorOptionsV2(error=[], warn=[], silence=[])', 'debug': 'False', 'log_path': '/Users/szabolcsszentes/Documents/projects/dbt_test_for_run/logs', 'send_anonymous_usage_stats': 'True', 'introspect': 'True', 'indirect_selection': 'eager', 'printer_width': '80', 'fail_fast': 'False', 'no_print': 'None', 'static_parser': 'True', 'log_cache_events': 'False', 'version_check': 'True', 'log_format': 'default', 'cache_selected_only': 'False', 'warn_error': 'None', 'partial_parse': 'True', 'profiles_dir': '.', 'use_colors': 'True', 'quiet': 'False'}
[0m10:31:35.589919 [debug] [MainThread]: Spark adapter: Setting pyhive.hive logging to ERROR
[0m10:31:35.590171 [debug] [MainThread]: Spark adapter: Setting thrift.transport logging to ERROR
[0m10:31:35.590294 [debug] [MainThread]: Spark adapter: Setting thrift.protocol logging to ERROR
[0m10:31:35.980377 [debug] [MainThread]: Sending event: {'category': 'dbt', 'action': 'project_id', 'label': '26fa1505-b8df-476f-884b-e0520537b74c', 'context': [<snowplow_tracker.self_describing_json.SelfDescribingJson object at 0x10aa31480>]}
[0m10:31:36.000797 [debug] [MainThread]: Sending event: {'category': 'dbt', 'action': 'adapter_info', 'label': '26fa1505-b8df-476f-884b-e0520537b74c', 'context': [<snowplow_tracker.self_describing_json.SelfDescribingJson object at 0x1134ef020>]}
[0m10:31:36.001099 [info ] [MainThread]: Registered adapter: databricks=1.11.5
[0m10:31:36.064569 [warn ] [MainThread]: [[33mWARNING[0m]: Use managed Iceberg tables when table_format is iceberg. When this flag is disabled, UniForm is used instead.
You may opt into the new behavior sooner by setting `flags.use_managed_iceberg` to `True` in `dbt_project.yml`.
Visit https://docs.getdbt.com/reference/global-configs/behavior-changes for more information.
[0m10:31:36.065006 [debug] [MainThread]: Sending event: {'category': 'dbt', 'action': 'BehaviorChangeEvent', 'label': '26fa1505-b8df-476f-884b-e0520537b74c', 'context': [<snowplow_tracker.self_describing_json.SelfDescribingJson object at 0x11341fb50>]}
[0m10:31:36.069435 [debug] [MainThread]: checksum: 6bff9b0fed7e2d76821166f4b272d8aa571bf0a0afe21c210d5eda6b781d3064, vars: {}, profile: , target: databricks, version: 1.11.6
[0m10:31:36.125235 [debug] [MainThread]: Partial parsing enabled: 0 files deleted, 0 files added, 0 files changed.
[0m10:31:36.125435 [debug] [MainThread]: Nothing changed, skipping partial parsing.
[0m10:31:36.125529 [debug] [MainThread]: Partial parsing enabled, no changes found, skipping parsing
[0m10:31:36.139304 [debug] [MainThread]: Sending event: {'category': 'dbt', 'action': 'load_project', 'label': '26fa1505-b8df-476f-884b-e0520537b74c', 'context': [<snowplow_tracker.self_describing_json.SelfDescribingJson object at 0x11398db80>]}
[0m10:31:36.167104 [debug] [MainThread]: Wrote artifact WritableManifest to /Users/szabolcsszentes/Documents/projects/dbt_test_for_run/target/manifest.json
[0m10:31:36.167992 [debug] [MainThread]: Wrote artifact SemanticManifest to /Users/szabolcsszentes/Documents/projects/dbt_test_for_run/target/semantic_manifest.json
[0m10:31:36.172993 [debug] [MainThread]: Sending event: {'category': 'dbt', 'action': 'resource_counts', 'label': '26fa1505-b8df-476f-884b-e0520537b74c', 'context': [<snowplow_tracker.self_describing_json.SelfDescribingJson object at 0x113b06b30>]}
[0m10:31:36.173192 [info ] [MainThread]: Found 3 models, 1 seed, 731 macros
[0m10:31:36.173320 [debug] [MainThread]: Sending event: {'category': 'dbt', 'action': 'runnable_timing', 'label': '26fa1505-b8df-476f-884b-e0520537b74c', 'context': [<snowplow_tracker.self_describing_json.SelfDescribingJson object at 0x113ade9c0>]}
[0m10:31:36.174011 [info ] [MainThread]: 
[0m10:31:36.174133 [info ] [MainThread]: Concurrency: 1 threads (target='databricks')
[0m10:31:36.174224 [info ] [MainThread]: 
[0m10:31:36.174458 [debug] [MainThread]: Databricks adapter: DatabricksDBTConnection(session-id=None, name=master) - Creating connection
[0m10:31:36.174569 [debug] [MainThread]: Acquiring new databricks connection 'master'
[0m10:31:36.174902 [debug] [ThreadPool]: Databricks adapter: DatabricksDBTConnection(session-id=None, name=list_datapao_cns) - Creating connection
[0m10:31:36.175022 [debug] [ThreadPool]: Acquiring new databricks connection 'list_datapao_cns'
[0m10:31:36.180468 [debug] [ThreadPool]: Using databricks connection "list_datapao_cns"
[0m10:31:36.180678 [debug] [ThreadPool]: On list_datapao_cns: /* {"app": "dbt", "dbt_version": "1.11.6", "dbt_databricks_version": "1.11.5", "databricks_sql_connector_version": "4.1.3", "profile_name": "dbt_test", "target_name": "databricks", "connection_name": "list_datapao_cns"} */

    

  SHOW SCHEMAS IN `datapao_cns`


  
[0m10:31:36.180784 [debug] [ThreadPool]: Opening a new connection, currently in state init
[0m10:31:36.533309 [debug] [ThreadPool]: Databricks adapter: Connection(session-id=01f11d2d-1988-1e40-b931-70cc230b2090) - Created
[0m10:31:43.559415 [debug] [ThreadPool]: SQL status: OK in 7.380 seconds
[0m10:31:43.569648 [debug] [ThreadPool]: Databricks adapter: Cursor(session-id=01f11d2d-1988-1e40-b931-70cc230b2090, command-id=01f11d2d-199e-15b3-9137-8411f09ab449) - Closing
[0m10:31:43.699046 [debug] [ThreadPool]: On list_datapao_cns: Close
[0m10:31:43.699386 [debug] [ThreadPool]: Databricks adapter: Connection(session-id=01f11d2d-1988-1e40-b931-70cc230b2090) - Closing
[0m10:31:43.786042 [debug] [ThreadPool]: Databricks adapter: DatabricksDBTConnection(session-id=None, name=list_datapao_cns_dbt_test) - Creating connection
[0m10:31:43.786404 [debug] [ThreadPool]: Acquiring new databricks connection 'list_datapao_cns_dbt_test'
[0m10:31:43.793204 [debug] [ThreadPool]: Using databricks connection "list_datapao_cns_dbt_test"
[0m10:31:43.793670 [debug] [ThreadPool]: On list_datapao_cns_dbt_test: /* {"app": "dbt", "dbt_version": "1.11.6", "dbt_databricks_version": "1.11.5", "databricks_sql_connector_version": "4.1.3", "profile_name": "dbt_test", "target_name": "databricks", "connection_name": "list_datapao_cns_dbt_test"} */

    
SELECT
  table_name,
  if(table_type IN ('EXTERNAL', 'MANAGED', 'MANAGED_SHALLOW_CLONE', 'EXTERNAL_SHALLOW_CLONE'), 'table', lower(table_type)) AS table_type,
  lower(data_source_format) AS file_format,
  table_owner,
  if(
    table_type IN (
      'EXTERNAL',
      'MANAGED',
      'MANAGED_SHALLOW_CLONE',
      'EXTERNAL_SHALLOW_CLONE'
    ),
    lower(table_type),
    NULL
  ) AS databricks_table_type
FROM `system`.`information_schema`.`tables`
WHERE table_catalog = 'datapao_cns' 
  AND table_schema = 'dbt_test'

  
[0m10:31:43.793912 [debug] [ThreadPool]: Opening a new connection, currently in state init
[0m10:31:43.950529 [debug] [ThreadPool]: Databricks adapter: Connection(session-id=01f11d2d-1dfe-1764-8e15-f13e6cf82ba3) - Created
[0m10:31:45.115246 [debug] [ThreadPool]: SQL status: OK in 1.320 seconds
[0m10:31:45.119336 [debug] [ThreadPool]: Databricks adapter: Cursor(session-id=01f11d2d-1dfe-1764-8e15-f13e6cf82ba3, command-id=01f11d2d-1e0a-12ca-b4f9-d00f61b01a2b) - Closing
[0m10:31:45.119874 [debug] [ThreadPool]: On list_datapao_cns_dbt_test: Close
[0m10:31:45.120112 [debug] [ThreadPool]: Databricks adapter: Connection(session-id=01f11d2d-1dfe-1764-8e15-f13e6cf82ba3) - Closing
[0m10:31:45.190304 [debug] [MainThread]: Sending event: {'category': 'dbt', 'action': 'runnable_timing', 'label': '26fa1505-b8df-476f-884b-e0520537b74c', 'context': [<snowplow_tracker.self_describing_json.SelfDescribingJson object at 0x113986a50>]}
[0m10:31:45.194943 [debug] [Thread-3 (]: Began running node model.dbt_test.modified_customers
[0m10:31:45.195929 [info ] [Thread-3 (]: 1 of 1 START sql table model dbt_test.modified_customers ....................... [RUN]
[0m10:31:45.196898 [debug] [Thread-3 (]: Databricks adapter: DatabricksDBTConnection(session-id=None, name=model.dbt_test.modified_customers) - Creating connection
[0m10:31:45.197333 [debug] [Thread-3 (]: Acquiring new databricks connection 'model.dbt_test.modified_customers'
[0m10:31:45.197610 [debug] [Thread-3 (]: Began compiling node model.dbt_test.modified_customers
[0m10:31:45.204790 [debug] [Thread-3 (]: Writing injected SQL for node "model.dbt_test.modified_customers"
[0m10:31:45.205790 [debug] [Thread-3 (]: Began executing node model.dbt_test.modified_customers
[0m10:31:45.221967 [debug] [Thread-3 (]: MATERIALIZING TABLE
[0m10:31:45.222673 [warn ] [Thread-3 (]: [[33mWARNING[0m]: Use revamped materializations based on separating create and insert.  This allows more performant column comments, as well as new column features.
You may opt into the new behavior sooner by setting `flags.use_materialization_v2` to `True` in `dbt_project.yml`.
Visit https://docs.getdbt.com/reference/global-configs/behavior-changes for more information.
[0m10:31:45.223118 [debug] [Thread-3 (]: Sending event: {'category': 'dbt', 'action': 'BehaviorChangeEvent', 'label': '26fa1505-b8df-476f-884b-e0520537b74c', 'context': [<snowplow_tracker.self_describing_json.SelfDescribingJson object at 0x1139c6410>]}
[0m10:31:45.247345 [debug] [Thread-3 (]: Writing runtime sql for node "model.dbt_test.modified_customers"
[0m10:31:45.247903 [debug] [Thread-3 (]: Using databricks connection "model.dbt_test.modified_customers"
[0m10:31:45.248094 [debug] [Thread-3 (]: On model.dbt_test.modified_customers: /* {"app": "dbt", "dbt_version": "1.11.6", "dbt_databricks_version": "1.11.5", "databricks_sql_connector_version": "4.1.3", "profile_name": "dbt_test", "target_name": "databricks", "node_id": "model.dbt_test.modified_customers"} */

  
    
        create or replace table `datapao_cns`.`dbt_test`.`modified_customers`
      
      
    using delta
  
      
      
      
      
      
      
      
      as
      select
    customer_id,
    first_name || ' ' || last_name as full_name,
    email,
    signup_date,
    'modified' as status
from `datapao_cns`.`dbt_test`.`customers`
  
[0m10:31:45.248238 [debug] [Thread-3 (]: Opening a new connection, currently in state init
[0m10:31:45.401052 [debug] [Thread-3 (]: Databricks adapter: Connection(session-id=01f11d2d-1edc-107b-b009-fee006b0847e) - Created
[0m10:31:45.813641 [debug] [Thread-3 (]: Databricks adapter: Exception while trying to execute query
/* {"app": "dbt", "dbt_version": "1.11.6", "dbt_databricks_version": "1.11.5", "databricks_sql_connector_version": "4.1.3", "profile_name": "dbt_test", "target_name": "databricks", "node_id": "model.dbt_test.modified_customers"} */

  
    
        create or replace table `datapao_cns`.`dbt_test`.`modified_customers`
      
      
    using delta
  
      
      
      
      
      
      
      
      as
      select
    customer_id,
    first_name || ' ' || last_name as full_name,
    email,
    signup_date,
    'modified' as status
from `datapao_cns`.`dbt_test`.`customers`
  
: [TABLE_OR_VIEW_NOT_FOUND] The table or view `datapao_cns`.`dbt_test`.`customers` cannot be found. Verify the spelling and correctness of the schema and catalog.
If you did not qualify the name with a schema, verify the current_schema() output, or qualify the name with the correct schema and catalog.
To tolerate the error on drop use DROP VIEW IF EXISTS or DROP TABLE IF EXISTS. SQLSTATE: 42P01; line 24 pos 5
Error properties: diagnostic-info=org.apache.hive.service.cli.HiveSQLException: Error running query: [TABLE_OR_VIEW_NOT_FOUND] org.apache.spark.sql.catalyst.ExtendedAnalysisException: [TABLE_OR_VIEW_NOT_FOUND] The table or view `datapao_cns`.`dbt_test`.`customers` cannot be found. Verify the spelling and correctness of the schema and catalog.
If you did not qualify the name with a schema, verify the current_schema() output, or qualify the name with the correct schema and catalog.
To tolerate the error on drop use DROP VIEW IF EXISTS or DROP TABLE IF EXISTS. SQLSTATE: 42P01; line 24 pos 5
	at org.apache.spark.sql.hive.thriftserver.HiveThriftServerErrors$.runningQueryError(HiveThriftServerErrors.scala:49)
	at org.apache.spark.sql.hive.thriftserver.SparkExecuteStatementOperation.$anonfun$execute$1(SparkExecuteStatementOperation.scala:1063)
	at scala.runtime.java8.JFunction0$mcV$sp.apply(JFunction0$mcV$sp.scala:18)
	at com.databricks.unity.UCSEphemeralState$Handle.runWith(UCSEphemeralState.scala:51)
	at com.databricks.unity.HandleImpl.runWith(UCSHandle.scala:104)
	at org.apache.spark.sql.hive.thriftserver.SparkExecuteStatementOperation.org$apache$spark$sql$hive$thriftserver$SparkExecuteStatementOperation$$execute(SparkExecuteStatementOperation.scala:796)
	at org.apache.spark.sql.hive.thriftserver.SparkExecuteStatementOperation$$anon$2$$anon$3.$anonfun$run$6(SparkExecuteStatementOperation.scala:622)
	at scala.runtime.java8.JFunction0$mcV$sp.apply(JFunction0$mcV$sp.scala:18)
	at org.apache.spark.sql.execution.SQLExecution$.withRootExecution(SQLExecution.scala:987)
	at org.apache.spark.sql.hive.thriftserver.SparkExecuteStatementOperation$$anon$2$$anon$3.$anonfun$run$3(SparkExecuteStatementOperation.scala:622)
	at scala.runtime.java8.JFunction0$mcV$sp.apply(JFunction0$mcV$sp.scala:18)
	at com.databricks.util.TracingSpanUtils$.withTracing(TracingSpanUtils.scala:250)
	at com.databricks.spark.util.DatabricksTracingHelper.withSpan(DatabricksSparkTracingHelper.scala:154)
	at com.databricks.spark.util.DBRTracing$.withSpan(DBRTracing.scala:87)
	at org.apache.spark.sql.hive.thriftserver.ThriftLocalProperties.$anonfun$withLocalProperties$17(ThriftLocalProperties.scala:340)
	at com.databricks.logging.AttributionContextTracing.$anonfun$withAttributionContext$1(AttributionContextTracing.scala:117)
	at com.databricks.logging.AttributionContext$.$anonfun$withValue$1(AttributionContext.scala:348)
	at scala.util.DynamicVariable.withValue(DynamicVariable.scala:59)
	at com.databricks.logging.AttributionContext$.withValue(AttributionContext.scala:344)
	at com.databricks.logging.AttributionContextTracing.withAttributionContext(AttributionContextTracing.scala:115)
	at com.databricks.logging.AttributionContextTracing.withAttributionContext$(AttributionContextTracing.scala:112)
	at com.databricks.spark.util.PublicDBLogging.withAttributionContext(DatabricksSparkUsageLogger.scala:29)
	at com.databricks.logging.AttributionContextTracing.withAttributionTags(AttributionContextTracing.scala:172)
	at com.databricks.logging.AttributionContextTracing.withAttributionTags$(AttributionContextTracing.scala:153)
	at com.databricks.spark.util.PublicDBLogging.withAttributionTags(DatabricksSparkUsageLogger.scala:29)
	at com.databricks.spark.util.PublicDBLogging.withAttributionTags0(DatabricksSparkUsageLogger.scala:108)
	at com.databricks.spark.util.DatabricksSparkUsageLogger.withAttributionTags(DatabricksSparkUsageLogger.scala:215)
	at com.databricks.spark.util.UsageLogging.$anonfun$withAttributionTags$1(UsageLogger.scala:668)
	at com.databricks.spark.util.UsageLogging$.withAttributionTags(UsageLogger.scala:780)
	at com.databricks.spark.util.UsageLogging$.withAttributionTags(UsageLogger.scala:789)
	at com.databricks.spark.util.UsageLogging.withAttributionTags(UsageLogger.scala:668)
	at com.databricks.spark.util.UsageLogging.withAttributionTags$(UsageLogger.scala:666)
	at org.apache.spark.sql.hive.thriftserver.SparkExecuteStatementOperation.withAttributionTags(SparkExecuteStatementOperation.scala:73)
	at org.apache.spark.sql.hive.thriftserver.ThriftLocalProperties.$anonfun$withLocalProperties$14(ThriftLocalProperties.scala:339)
	at com.databricks.spark.util.IdentityClaim$.withClaim(IdentityClaim.scala:48)
	at org.apache.spark.sql.hive.thriftserver.ThriftLocalProperties.withLocalProperties(ThriftLocalProperties.scala:334)
	at org.apache.spark.sql.hive.thriftserver.ThriftLocalProperties.withLocalProperties$(ThriftLocalProperties.scala:164)
	at org.apache.spark.sql.hive.thriftserver.SparkExecuteStatementOperation.withLocalProperties(SparkExecuteStatementOperation.scala:73)
	at org.apache.spark.sql.hive.thriftserver.SparkExecuteStatementOperation$$anon$2$$anon$3.$anonfun$run$2(SparkExecuteStatementOperation.scala:598)
	at scala.runtime.java8.JFunction0$mcV$sp.apply(JFunction0$mcV$sp.scala:18)
	at com.databricks.spark.util.DBRTracing$.withSpanFromParent(DBRTracing.scala:70)
	at org.apache.spark.sql.hive.thriftserver.SparkExecuteStatementOperation$$anon$2$$anon$3.run(SparkExecuteStatementOperation.scala:598)
	at org.apache.spark.sql.hive.thriftserver.SparkExecuteStatementOperation$$anon$2$$anon$3.run(SparkExecuteStatementOperation.scala:571)
	at java.base/java.security.AccessController.doPrivileged(AccessController.java:712)
	at java.base/javax.security.auth.Subject.doAs(Subject.java:439)
	at org.apache.hadoop.security.UserGroupInformation.doAs(UserGroupInformation.java:1953)
	at org.apache.spark.sql.hive.thriftserver.SparkExecuteStatementOperation$$anon$2.run(SparkExecuteStatementOperation.scala:636)
	at java.base/java.util.concurrent.Executors$RunnableAdapter.call(Executors.java:539)
	at java.base/java.util.concurrent.FutureTask.run(FutureTask.java:264)
	at java.base/java.util.concurrent.ThreadPoolExecutor.runWorker(ThreadPoolExecutor.java:1136)
	at java.base/java.util.concurrent.ThreadPoolExecutor$Worker.run(ThreadPoolExecutor.java:635)
	at java.base/java.lang.Thread.run(Thread.java:840)
Caused by: org.apache.spark.sql.catalyst.ExtendedAnalysisException: [TABLE_OR_VIEW_NOT_FOUND] The table or view `datapao_cns`.`dbt_test`.`customers` cannot be found. Verify the spelling and correctness of the schema and catalog.
If you did not qualify the name with a schema, verify the current_schema() output, or qualify the name with the correct schema and catalog.
To tolerate the error on drop use DROP VIEW IF EXISTS or DROP TABLE IF EXISTS. SQLSTATE: 42P01; line 24 pos 5
	at org.apache.spark.sql.catalyst.ExtendedAnalysisException.copyPlan(ExtendedAnalysisException.scala:97)
	at org.apache.spark.sql.hive.thriftserver.SparkExecuteStatementOperation.$anonfun$execute$1(SparkExecuteStatementOperation.scala:1024)
	... 50 more
, operation-id=01f11d2d-1ee6-1e93-addf-63815a99e9a9
[0m10:31:45.815418 [debug] [Thread-3 (]: On model.dbt_test.modified_customers: Close
[0m10:31:45.816139 [debug] [Thread-3 (]: Databricks adapter: Connection(session-id=01f11d2d-1edc-107b-b009-fee006b0847e) - Closing
[0m10:31:45.896619 [debug] [Thread-3 (]: Database Error in model modified_customers (models/second_group/modified_customers.sql)
  [TABLE_OR_VIEW_NOT_FOUND] The table or view `datapao_cns`.`dbt_test`.`customers` cannot be found. Verify the spelling and correctness of the schema and catalog.
  If you did not qualify the name with a schema, verify the current_schema() output, or qualify the name with the correct schema and catalog.
  To tolerate the error on drop use DROP VIEW IF EXISTS or DROP TABLE IF EXISTS. SQLSTATE: 42P01; line 24 pos 5
  compiled code at target/run/dbt_test/models/second_group/modified_customers.sql
[0m10:31:45.898572 [debug] [Thread-3 (]: Sending event: {'category': 'dbt', 'action': 'run_model', 'label': '26fa1505-b8df-476f-884b-e0520537b74c', 'context': [<snowplow_tracker.self_describing_json.SelfDescribingJson object at 0x10a9ca5d0>]}
[0m10:31:45.899290 [error] [Thread-3 (]: 1 of 1 ERROR creating sql table model dbt_test.modified_customers .............. [[31mERROR[0m in 0.70s]
[0m10:31:45.899889 [debug] [Thread-3 (]: Finished running node model.dbt_test.modified_customers
[0m10:31:45.900371 [debug] [Thread-6 (]: Marking all children of 'model.dbt_test.modified_customers' to be skipped because of status 'error'.  Reason: Database Error in model modified_customers (models/second_group/modified_customers.sql)
  [TABLE_OR_VIEW_NOT_FOUND] The table or view `datapao_cns`.`dbt_test`.`customers` cannot be found. Verify the spelling and correctness of the schema and catalog.
  If you did not qualify the name with a schema, verify the current_schema() output, or qualify the name with the correct schema and catalog.
  To tolerate the error on drop use DROP VIEW IF EXISTS or DROP TABLE IF EXISTS. SQLSTATE: 42P01; line 24 pos 5
  compiled code at target/run/dbt_test/models/second_group/modified_customers.sql.
[0m10:31:45.901794 [debug] [MainThread]: Databricks adapter: DatabricksDBTConnection(session-id=None, name=master) - Creating connection
[0m10:31:45.902088 [debug] [MainThread]: Acquiring new databricks connection 'master'
[0m10:31:45.902369 [info ] [MainThread]: 
[0m10:31:45.902590 [info ] [MainThread]: Finished running 1 table model in 0 hours 0 minutes and 9.73 seconds (9.73s).
[0m10:31:45.902999 [debug] [MainThread]: Command end result
[0m10:31:45.921400 [debug] [MainThread]: Wrote artifact WritableManifest to /Users/szabolcsszentes/Documents/projects/dbt_test_for_run/target/manifest.json
[0m10:31:45.922603 [debug] [MainThread]: Wrote artifact SemanticManifest to /Users/szabolcsszentes/Documents/projects/dbt_test_for_run/target/semantic_manifest.json
[0m10:31:45.926016 [debug] [MainThread]: Wrote artifact RunExecutionResult to /Users/szabolcsszentes/Documents/projects/dbt_test_for_run/target/run_results.json
[0m10:31:45.926236 [info ] [MainThread]: 
[0m10:31:45.926445 [info ] [MainThread]: [31mCompleted with 1 error, 0 partial successes, and 0 warnings:[0m
[0m10:31:45.926692 [info ] [MainThread]: 
[0m10:31:45.926922 [error] [MainThread]: [31mFailure in model modified_customers (models/second_group/modified_customers.sql)[0m
[0m10:31:45.927256 [error] [MainThread]:   Database Error in model modified_customers (models/second_group/modified_customers.sql)
  [TABLE_OR_VIEW_NOT_FOUND] The table or view `datapao_cns`.`dbt_test`.`customers` cannot be found. Verify the spelling and correctness of the schema and catalog.
  If you did not qualify the name with a schema, verify the current_schema() output, or qualify the name with the correct schema and catalog.
  To tolerate the error on drop use DROP VIEW IF EXISTS or DROP TABLE IF EXISTS. SQLSTATE: 42P01; line 24 pos 5
  compiled code at target/run/dbt_test/models/second_group/modified_customers.sql
[0m10:31:45.927464 [info ] [MainThread]: 
[0m10:31:45.927629 [info ] [MainThread]:   compiled code at target/compiled/dbt_test/models/second_group/modified_customers.sql
[0m10:31:45.927763 [info ] [MainThread]: 
[0m10:31:45.927908 [info ] [MainThread]: Done. PASS=0 WARN=0 ERROR=1 SKIP=0 NO-OP=0 TOTAL=1
[0m10:31:45.930732 [debug] [MainThread]: Resource report: {"command_name": "run", "command_success": false, "command_wall_clock_time": 10.751125, "process_in_blocks": "0", "process_kernel_time": 0.274107, "process_mem_max_rss": "251297792", "process_out_blocks": "0", "process_user_time": 1.409683}
[0m10:31:45.930964 [debug] [MainThread]: Command `dbt run` failed at 10:31:45.930921 after 10.75 seconds
[0m10:31:45.931159 [debug] [MainThread]: Sending event: {'category': 'dbt', 'action': 'invocation', 'label': 'end', 'context': [<snowplow_tracker.self_describing_json.SelfDescribingJson object at 0x11373e3d0>, <snowplow_tracker.self_describing_json.SelfDescribingJson object at 0x10a9e0450>, <snowplow_tracker.self_describing_json.SelfDescribingJson object at 0x10b778de0>]}
[0m10:31:45.931324 [debug] [MainThread]: Flushing usage events
[0m10:31:46.423649 [debug] [MainThread]: An error was encountered while trying to flush usage events
[0m10:33:15.894921 [debug] [MainThread]: Sending event: {'category': 'dbt', 'action': 'invocation', 'label': 'start', 'context': [<snowplow_tracker.self_describing_json.SelfDescribingJson object at 0x10cb002f0>, <snowplow_tracker.self_describing_json.SelfDescribingJson object at 0x10dbef610>, <snowplow_tracker.self_describing_json.SelfDescribingJson object at 0x10dbef890>]}


============================== 10:33:15.897926 | 9fdc2c90-e774-41ab-b348-1c61a9901a1e ==============================
[0m10:33:15.897926 [info ] [MainThread]: Running with dbt=1.11.6
[0m10:33:15.898272 [debug] [MainThread]: running dbt with arguments {'indirect_selection': 'eager', 'empty': 'None', 'write_json': 'True', 'log_path': '/Users/szabolcsszentes/Documents/projects/dbt_test_for_run/logs', 'version_check': 'True', 'warn_error_options': 'WarnErrorOptionsV2(error=[], warn=[], silence=[])', 'partial_parse': 'True', 'use_colors': 'True', 'cache_selected_only': 'False', 'log_cache_events': 'False', 'profiles_dir': '.', 'printer_width': '80', 'debug': 'False', 'log_format': 'default', 'invocation_command': 'dbt ls --profiles-dir . --target databricks --selector second_group_without_selected_with_parents', 'no_print': 'None', 'warn_error': 'None', 'send_anonymous_usage_stats': 'True', 'quiet': 'False', 'static_parser': 'True', 'introspect': 'True', 'fail_fast': 'False', 'use_experimental_parser': 'False', 'target_path': 'None'}
[0m10:33:16.311481 [debug] [MainThread]: Spark adapter: Setting pyhive.hive logging to ERROR
[0m10:33:16.311711 [debug] [MainThread]: Spark adapter: Setting thrift.transport logging to ERROR
[0m10:33:16.311820 [debug] [MainThread]: Spark adapter: Setting thrift.protocol logging to ERROR
[0m10:33:16.874900 [debug] [MainThread]: Sending event: {'category': 'dbt', 'action': 'project_id', 'label': '9fdc2c90-e774-41ab-b348-1c61a9901a1e', 'context': [<snowplow_tracker.self_describing_json.SelfDescribingJson object at 0x10cf01480>]}
[0m10:33:16.896046 [debug] [MainThread]: Sending event: {'category': 'dbt', 'action': 'adapter_info', 'label': '9fdc2c90-e774-41ab-b348-1c61a9901a1e', 'context': [<snowplow_tracker.self_describing_json.SelfDescribingJson object at 0x115987020>]}
[0m10:33:16.896425 [info ] [MainThread]: Registered adapter: databricks=1.11.5
[0m10:33:16.956808 [warn ] [MainThread]: [[33mWARNING[0m]: Use managed Iceberg tables when table_format is iceberg. When this flag is disabled, UniForm is used instead.
You may opt into the new behavior sooner by setting `flags.use_managed_iceberg` to `True` in `dbt_project.yml`.
Visit https://docs.getdbt.com/reference/global-configs/behavior-changes for more information.
[0m10:33:16.957240 [debug] [MainThread]: Sending event: {'category': 'dbt', 'action': 'BehaviorChangeEvent', 'label': '9fdc2c90-e774-41ab-b348-1c61a9901a1e', 'context': [<snowplow_tracker.self_describing_json.SelfDescribingJson object at 0x1158cbb50>]}
[0m10:33:16.963057 [debug] [MainThread]: checksum: 6bff9b0fed7e2d76821166f4b272d8aa571bf0a0afe21c210d5eda6b781d3064, vars: {}, profile: , target: databricks, version: 1.11.6
[0m10:33:17.025814 [debug] [MainThread]: Partial parsing enabled: 0 files deleted, 0 files added, 0 files changed.
[0m10:33:17.026025 [debug] [MainThread]: Nothing changed, skipping partial parsing.
[0m10:33:17.026119 [debug] [MainThread]: Partial parsing enabled, no changes found, skipping parsing
[0m10:33:17.040231 [debug] [MainThread]: Sending event: {'category': 'dbt', 'action': 'load_project', 'label': '9fdc2c90-e774-41ab-b348-1c61a9901a1e', 'context': [<snowplow_tracker.self_describing_json.SelfDescribingJson object at 0x115e39a90>]}
[0m10:33:17.069003 [debug] [MainThread]: Wrote artifact WritableManifest to /Users/szabolcsszentes/Documents/projects/dbt_test_for_run/target/manifest.json
[0m10:33:17.070289 [debug] [MainThread]: Wrote artifact SemanticManifest to /Users/szabolcsszentes/Documents/projects/dbt_test_for_run/target/semantic_manifest.json
[0m10:33:17.075623 [debug] [MainThread]: Sending event: {'category': 'dbt', 'action': 'resource_counts', 'label': '9fdc2c90-e774-41ab-b348-1c61a9901a1e', 'context': [<snowplow_tracker.self_describing_json.SelfDescribingJson object at 0x115bce270>]}
[0m10:33:17.075846 [info ] [MainThread]: Found 3 models, 1 seed, 731 macros
[0m10:33:17.075968 [debug] [MainThread]: Sending event: {'category': 'dbt', 'action': 'runnable_timing', 'label': '9fdc2c90-e774-41ab-b348-1c61a9901a1e', 'context': [<snowplow_tracker.self_describing_json.SelfDescribingJson object at 0x115f86d00>]}
[0m10:33:17.076212 [info ] [MainThread]: dbt_test.second_group.modified_customers
[0m10:33:17.076315 [info ] [MainThread]: dbt_test.customers
[0m10:33:17.078735 [debug] [MainThread]: Resource report: {"command_name": "list", "command_success": true, "command_wall_clock_time": 1.2207896, "process_in_blocks": "0", "process_kernel_time": 0.322184, "process_mem_max_rss": "244072448", "process_out_blocks": "0", "process_user_time": 1.23967}
[0m10:33:17.079127 [debug] [MainThread]: Command `dbt ls` succeeded at 10:33:17.079079 after 1.22 seconds
[0m10:33:17.079318 [debug] [MainThread]: Sending event: {'category': 'dbt', 'action': 'invocation', 'label': 'end', 'context': [<snowplow_tracker.self_describing_json.SelfDescribingJson object at 0x10d9e7a10>, <snowplow_tracker.self_describing_json.SelfDescribingJson object at 0x115e6cf70>, <snowplow_tracker.self_describing_json.SelfDescribingJson object at 0x115e6d020>]}
[0m10:33:17.079456 [debug] [MainThread]: Flushing usage events
[0m10:33:17.688405 [debug] [MainThread]: An error was encountered while trying to flush usage events
[0m10:33:52.842607 [debug] [MainThread]: Sending event: {'category': 'dbt', 'action': 'invocation', 'label': 'start', 'context': [<snowplow_tracker.self_describing_json.SelfDescribingJson object at 0x10a4b42f0>, <snowplow_tracker.self_describing_json.SelfDescribingJson object at 0x10b59f610>, <snowplow_tracker.self_describing_json.SelfDescribingJson object at 0x10b59f890>]}


============================== 10:33:52.845536 | 082e8f41-f868-408f-9ff6-de1aa7e68ca5 ==============================
[0m10:33:52.845536 [info ] [MainThread]: Running with dbt=1.11.6
[0m10:33:52.845789 [debug] [MainThread]: running dbt with arguments {'target_path': 'None', 'warn_error_options': 'WarnErrorOptionsV2(error=[], warn=[], silence=[])', 'log_path': '/Users/szabolcsszentes/Documents/projects/dbt_test_for_run/logs', 'use_experimental_parser': 'False', 'send_anonymous_usage_stats': 'True', 'static_parser': 'True', 'fail_fast': 'False', 'debug': 'False', 'version_check': 'True', 'log_format': 'default', 'invocation_command': 'dbt build --profiles-dir . --target databricks --selector second_group_without_selected_with_parents', 'write_json': 'True', 'indirect_selection': 'eager', 'warn_error': 'None', 'introspect': 'True', 'log_cache_events': 'False', 'no_print': 'None', 'empty': 'False', 'printer_width': '80', 'partial_parse': 'True', 'cache_selected_only': 'False', 'use_colors': 'True', 'quiet': 'False', 'profiles_dir': '.'}
[0m10:33:53.292168 [debug] [MainThread]: Spark adapter: Setting pyhive.hive logging to ERROR
[0m10:33:53.292435 [debug] [MainThread]: Spark adapter: Setting thrift.transport logging to ERROR
[0m10:33:53.292552 [debug] [MainThread]: Spark adapter: Setting thrift.protocol logging to ERROR
[0m10:33:53.858505 [debug] [MainThread]: Sending event: {'category': 'dbt', 'action': 'project_id', 'label': '082e8f41-f868-408f-9ff6-de1aa7e68ca5', 'context': [<snowplow_tracker.self_describing_json.SelfDescribingJson object at 0x10a8b1480>]}
[0m10:33:53.880820 [debug] [MainThread]: Sending event: {'category': 'dbt', 'action': 'adapter_info', 'label': '082e8f41-f868-408f-9ff6-de1aa7e68ca5', 'context': [<snowplow_tracker.self_describing_json.SelfDescribingJson object at 0x113342f10>]}
[0m10:33:53.881167 [info ] [MainThread]: Registered adapter: databricks=1.11.5
[0m10:33:53.942582 [warn ] [MainThread]: [[33mWARNING[0m]: Use managed Iceberg tables when table_format is iceberg. When this flag is disabled, UniForm is used instead.
You may opt into the new behavior sooner by setting `flags.use_managed_iceberg` to `True` in `dbt_project.yml`.
Visit https://docs.getdbt.com/reference/global-configs/behavior-changes for more information.
[0m10:33:53.942996 [debug] [MainThread]: Sending event: {'category': 'dbt', 'action': 'BehaviorChangeEvent', 'label': '082e8f41-f868-408f-9ff6-de1aa7e68ca5', 'context': [<snowplow_tracker.self_describing_json.SelfDescribingJson object at 0x113277b50>]}
[0m10:33:53.949580 [debug] [MainThread]: checksum: 6bff9b0fed7e2d76821166f4b272d8aa571bf0a0afe21c210d5eda6b781d3064, vars: {}, profile: , target: databricks, version: 1.11.6
[0m10:33:54.016524 [debug] [MainThread]: Partial parsing enabled: 0 files deleted, 0 files added, 0 files changed.
[0m10:33:54.016741 [debug] [MainThread]: Nothing changed, skipping partial parsing.
[0m10:33:54.016834 [debug] [MainThread]: Partial parsing enabled, no changes found, skipping parsing
[0m10:33:54.031346 [debug] [MainThread]: Sending event: {'category': 'dbt', 'action': 'load_project', 'label': '082e8f41-f868-408f-9ff6-de1aa7e68ca5', 'context': [<snowplow_tracker.self_describing_json.SelfDescribingJson object at 0x1137e9b80>]}
[0m10:33:54.060954 [debug] [MainThread]: Wrote artifact WritableManifest to /Users/szabolcsszentes/Documents/projects/dbt_test_for_run/target/manifest.json
[0m10:33:54.062404 [debug] [MainThread]: Wrote artifact SemanticManifest to /Users/szabolcsszentes/Documents/projects/dbt_test_for_run/target/semantic_manifest.json
[0m10:33:54.075923 [debug] [MainThread]: Sending event: {'category': 'dbt', 'action': 'resource_counts', 'label': '082e8f41-f868-408f-9ff6-de1aa7e68ca5', 'context': [<snowplow_tracker.self_describing_json.SelfDescribingJson object at 0x1139f6430>]}
[0m10:33:54.076158 [info ] [MainThread]: Found 3 models, 1 seed, 731 macros
[0m10:33:54.076852 [info ] [MainThread]: 
[0m10:33:54.076984 [info ] [MainThread]: Concurrency: 1 threads (target='databricks')
[0m10:33:54.077078 [info ] [MainThread]: 
[0m10:33:54.077304 [debug] [MainThread]: Databricks adapter: DatabricksDBTConnection(session-id=None, name=master) - Creating connection
[0m10:33:54.077415 [debug] [MainThread]: Acquiring new databricks connection 'master'
[0m10:33:54.080126 [debug] [ThreadPool]: Databricks adapter: DatabricksDBTConnection(session-id=None, name=list_datapao_cns) - Creating connection
[0m10:33:54.080349 [debug] [ThreadPool]: Acquiring new databricks connection 'list_datapao_cns'
[0m10:33:54.085779 [debug] [ThreadPool]: Using databricks connection "list_datapao_cns"
[0m10:33:54.085964 [debug] [ThreadPool]: On list_datapao_cns: /* {"app": "dbt", "dbt_version": "1.11.6", "dbt_databricks_version": "1.11.5", "databricks_sql_connector_version": "4.1.3", "profile_name": "dbt_test", "target_name": "databricks", "connection_name": "list_datapao_cns"} */

    

  SHOW SCHEMAS IN `datapao_cns`


  
[0m10:33:54.086073 [debug] [ThreadPool]: Opening a new connection, currently in state init
[0m10:33:54.351198 [debug] [ThreadPool]: Databricks adapter: Connection(session-id=01f11d2d-6bae-18bf-a6e6-d00b9c718bdd) - Created
[0m10:34:00.902462 [debug] [ThreadPool]: SQL status: OK in 6.820 seconds
[0m10:34:00.912151 [debug] [ThreadPool]: Databricks adapter: Cursor(session-id=01f11d2d-6bae-18bf-a6e6-d00b9c718bdd, command-id=01f11d2d-6bc3-1dce-8107-7a2cf26fa7cb) - Closing
[0m10:34:01.102544 [debug] [ThreadPool]: On list_datapao_cns: Close
[0m10:34:01.103545 [debug] [ThreadPool]: Databricks adapter: Connection(session-id=01f11d2d-6bae-18bf-a6e6-d00b9c718bdd) - Closing
[0m10:34:01.176792 [debug] [ThreadPool]: Databricks adapter: DatabricksDBTConnection(session-id=None, name=list_datapao_cns_dbt_test) - Creating connection
[0m10:34:01.177338 [debug] [ThreadPool]: Acquiring new databricks connection 'list_datapao_cns_dbt_test'
[0m10:34:01.181877 [debug] [ThreadPool]: Using databricks connection "list_datapao_cns_dbt_test"
[0m10:34:01.182227 [debug] [ThreadPool]: On list_datapao_cns_dbt_test: /* {"app": "dbt", "dbt_version": "1.11.6", "dbt_databricks_version": "1.11.5", "databricks_sql_connector_version": "4.1.3", "profile_name": "dbt_test", "target_name": "databricks", "connection_name": "list_datapao_cns_dbt_test"} */

    
SELECT
  table_name,
  if(table_type IN ('EXTERNAL', 'MANAGED', 'MANAGED_SHALLOW_CLONE', 'EXTERNAL_SHALLOW_CLONE'), 'table', lower(table_type)) AS table_type,
  lower(data_source_format) AS file_format,
  table_owner,
  if(
    table_type IN (
      'EXTERNAL',
      'MANAGED',
      'MANAGED_SHALLOW_CLONE',
      'EXTERNAL_SHALLOW_CLONE'
    ),
    lower(table_type),
    NULL
  ) AS databricks_table_type
FROM `system`.`information_schema`.`tables`
WHERE table_catalog = 'datapao_cns' 
  AND table_schema = 'dbt_test'

  
[0m10:34:01.182437 [debug] [ThreadPool]: Opening a new connection, currently in state init
[0m10:34:01.322882 [debug] [ThreadPool]: Databricks adapter: Connection(session-id=01f11d2d-6fe2-1aee-92b1-e6729cfb7310) - Created
[0m10:34:02.674203 [debug] [ThreadPool]: SQL status: OK in 1.490 seconds
[0m10:34:02.678750 [debug] [ThreadPool]: Databricks adapter: Cursor(session-id=01f11d2d-6fe2-1aee-92b1-e6729cfb7310, command-id=01f11d2d-6feb-199a-bdf1-d39c9e2ba457) - Closing
[0m10:34:02.679452 [debug] [ThreadPool]: On list_datapao_cns_dbt_test: Close
[0m10:34:02.679702 [debug] [ThreadPool]: Databricks adapter: Connection(session-id=01f11d2d-6fe2-1aee-92b1-e6729cfb7310) - Closing
[0m10:34:02.750273 [debug] [MainThread]: Sending event: {'category': 'dbt', 'action': 'runnable_timing', 'label': '082e8f41-f868-408f-9ff6-de1aa7e68ca5', 'context': [<snowplow_tracker.self_describing_json.SelfDescribingJson object at 0x1139bef70>]}
[0m10:34:02.755041 [debug] [Thread-3 (]: Began running node seed.dbt_test.customers
[0m10:34:02.756609 [info ] [Thread-3 (]: 1 of 2 START seed file dbt_test.customers ...................................... [RUN]
[0m10:34:02.757618 [debug] [Thread-3 (]: Databricks adapter: DatabricksDBTConnection(session-id=None, name=seed.dbt_test.customers) - Creating connection
[0m10:34:02.757853 [debug] [Thread-3 (]: Acquiring new databricks connection 'seed.dbt_test.customers'
[0m10:34:02.758025 [debug] [Thread-3 (]: Began compiling node seed.dbt_test.customers
[0m10:34:02.758187 [debug] [Thread-3 (]: Began executing node seed.dbt_test.customers
[0m10:34:02.762405 [warn ] [Thread-3 (]: [[33mWARNING[0m]: Use revamped materializations based on separating create and insert.  This allows more performant column comments, as well as new column features.
You may opt into the new behavior sooner by setting `flags.use_materialization_v2` to `True` in `dbt_project.yml`.
Visit https://docs.getdbt.com/reference/global-configs/behavior-changes for more information.
[0m10:34:02.762842 [debug] [Thread-3 (]: Sending event: {'category': 'dbt', 'action': 'BehaviorChangeEvent', 'label': '082e8f41-f868-408f-9ff6-de1aa7e68ca5', 'context': [<snowplow_tracker.self_describing_json.SelfDescribingJson object at 0x1139cc350>]}
[0m10:34:02.796886 [debug] [Thread-3 (]: Using databricks connection "seed.dbt_test.customers"
[0m10:34:02.797280 [debug] [Thread-3 (]: On seed.dbt_test.customers: /* {"app": "dbt", "dbt_version": "1.11.6", "dbt_databricks_version": "1.11.5", "databricks_sql_connector_version": "4.1.3", "profile_name": "dbt_test", "target_name": "databricks", "node_id": "seed.dbt_test.customers"} */

    create  table `datapao_cns`.`dbt_test`.`customers` (`customer_id` bigint ,`first_name` string ,`last_name` string ,`email` string ,`signup_date` date )
    
    using delta
  
    
    
    
    
    
  
[0m10:34:02.797470 [debug] [Thread-3 (]: Opening a new connection, currently in state init
[0m10:34:02.951506 [debug] [Thread-3 (]: Databricks adapter: Connection(session-id=01f11d2d-70d8-1e80-970b-5827a08bbd66) - Created
[0m10:34:05.670227 [debug] [Thread-3 (]: SQL status: OK in 2.870 seconds
[0m10:34:05.671994 [debug] [Thread-3 (]: Databricks adapter: Cursor(session-id=01f11d2d-70d8-1e80-970b-5827a08bbd66, command-id=01f11d2d-70e3-1ee1-8812-84035a14b985) - Closing
[0m10:34:05.688956 [debug] [Thread-3 (]: Using databricks connection "seed.dbt_test.customers"
[0m10:34:05.689481 [debug] [Thread-3 (]: On seed.dbt_test.customers: 
          insert overwrite `datapao_cns`.`dbt_test`.`customers` values
          (%s,%s,%s,%s,%s),(%s,%s,%s,%s,%s),(%s,%s,%s,%s,%s),(%s,%s,%s,%s,%s),(%s,%s,%s,%s,%s)
      ...
[0m10:34:10.053209 [debug] [Thread-3 (]: SQL status: OK in 4.360 seconds
[0m10:34:10.053939 [debug] [Thread-3 (]: Databricks adapter: Cursor(session-id=01f11d2d-70d8-1e80-970b-5827a08bbd66, command-id=01f11d2d-7285-1bba-ba02-d9e7bbd67fbc) - Closing
[0m10:34:10.059925 [debug] [Thread-3 (]: Writing runtime SQL for node "seed.dbt_test.customers"
[0m10:34:10.072450 [debug] [Thread-3 (]: On seed.dbt_test.customers: Close
[0m10:34:10.072808 [debug] [Thread-3 (]: Databricks adapter: Connection(session-id=01f11d2d-70d8-1e80-970b-5827a08bbd66) - Closing
[0m10:34:10.145645 [debug] [Thread-3 (]: Sending event: {'category': 'dbt', 'action': 'run_model', 'label': '082e8f41-f868-408f-9ff6-de1aa7e68ca5', 'context': [<snowplow_tracker.self_describing_json.SelfDescribingJson object at 0x1139c1020>]}
[0m10:34:10.146454 [info ] [Thread-3 (]: 1 of 2 OK loaded seed file dbt_test.customers .................................. [[32mINSERT 5[0m in 7.39s]
[0m10:34:10.147199 [debug] [Thread-3 (]: Finished running node seed.dbt_test.customers
[0m10:34:10.148172 [debug] [Thread-3 (]: Began running node model.dbt_test.modified_customers
[0m10:34:10.148897 [info ] [Thread-3 (]: 2 of 2 START sql table model dbt_test.modified_customers ....................... [RUN]
[0m10:34:10.149544 [debug] [Thread-3 (]: Databricks adapter: DatabricksDBTConnection(session-id=None, name=model.dbt_test.modified_customers) - Creating connection
[0m10:34:10.149841 [debug] [Thread-3 (]: Acquiring new databricks connection 'model.dbt_test.modified_customers'
[0m10:34:10.150099 [debug] [Thread-3 (]: Began compiling node model.dbt_test.modified_customers
[0m10:34:10.156719 [debug] [Thread-3 (]: Writing injected SQL for node "model.dbt_test.modified_customers"
[0m10:34:10.157866 [debug] [Thread-3 (]: Began executing node model.dbt_test.modified_customers
[0m10:34:10.170246 [debug] [Thread-3 (]: MATERIALIZING TABLE
[0m10:34:10.181554 [debug] [Thread-3 (]: Writing runtime sql for node "model.dbt_test.modified_customers"
[0m10:34:10.182129 [debug] [Thread-3 (]: Using databricks connection "model.dbt_test.modified_customers"
[0m10:34:10.182346 [debug] [Thread-3 (]: On model.dbt_test.modified_customers: /* {"app": "dbt", "dbt_version": "1.11.6", "dbt_databricks_version": "1.11.5", "databricks_sql_connector_version": "4.1.3", "profile_name": "dbt_test", "target_name": "databricks", "node_id": "model.dbt_test.modified_customers"} */

  
    
        create or replace table `datapao_cns`.`dbt_test`.`modified_customers`
      
      
    using delta
  
      
      
      
      
      
      
      
      as
      select
    customer_id,
    first_name || ' ' || last_name as full_name,
    email,
    signup_date,
    'modified' as status
from `datapao_cns`.`dbt_test`.`customers`
  
[0m10:34:10.182507 [debug] [Thread-3 (]: Opening a new connection, currently in state init
[0m10:34:10.308999 [debug] [Thread-3 (]: Databricks adapter: Connection(session-id=01f11d2d-753f-1903-b03d-f5037f5efeef) - Created
[0m10:34:13.476214 [debug] [Thread-3 (]: SQL status: OK in 3.290 seconds
[0m10:34:13.476775 [debug] [Thread-3 (]: Databricks adapter: Cursor(session-id=01f11d2d-753f-1903-b03d-f5037f5efeef, command-id=01f11d2d-7546-18b2-b201-af772d8c2595) - Closing
[0m10:34:13.478755 [debug] [Thread-3 (]: Applying tags to relation None
[0m10:34:13.485608 [debug] [Thread-3 (]: On model.dbt_test.modified_customers: Close
[0m10:34:13.485789 [debug] [Thread-3 (]: Databricks adapter: Connection(session-id=01f11d2d-753f-1903-b03d-f5037f5efeef) - Closing
[0m10:34:13.551897 [debug] [Thread-3 (]: Sending event: {'category': 'dbt', 'action': 'run_model', 'label': '082e8f41-f868-408f-9ff6-de1aa7e68ca5', 'context': [<snowplow_tracker.self_describing_json.SelfDescribingJson object at 0x113b16210>]}
[0m10:34:13.552259 [info ] [Thread-3 (]: 2 of 2 OK created sql table model dbt_test.modified_customers .................. [[32mOK[0m in 3.40s]
[0m10:34:13.552546 [debug] [Thread-3 (]: Finished running node model.dbt_test.modified_customers
[0m10:34:13.553071 [debug] [MainThread]: Databricks adapter: DatabricksDBTConnection(session-id=None, name=master) - Creating connection
[0m10:34:13.553193 [debug] [MainThread]: Acquiring new databricks connection 'master'
[0m10:34:13.553351 [info ] [MainThread]: 
[0m10:34:13.553475 [info ] [MainThread]: Finished running 1 seed, 1 table model in 0 hours 0 minutes and 19.48 seconds (19.48s).
[0m10:34:13.553751 [debug] [MainThread]: Command end result
[0m10:34:13.567625 [debug] [MainThread]: Wrote artifact WritableManifest to /Users/szabolcsszentes/Documents/projects/dbt_test_for_run/target/manifest.json
[0m10:34:13.568862 [debug] [MainThread]: Wrote artifact SemanticManifest to /Users/szabolcsszentes/Documents/projects/dbt_test_for_run/target/semantic_manifest.json
[0m10:34:13.571554 [debug] [MainThread]: Wrote artifact RunExecutionResult to /Users/szabolcsszentes/Documents/projects/dbt_test_for_run/target/run_results.json
[0m10:34:13.571733 [info ] [MainThread]: 
[0m10:34:13.571995 [info ] [MainThread]: [32mCompleted successfully[0m
[0m10:34:13.572117 [info ] [MainThread]: 
[0m10:34:13.572251 [info ] [MainThread]: Done. PASS=2 WARN=0 ERROR=0 SKIP=0 NO-OP=0 TOTAL=2
[0m10:34:13.574879 [debug] [MainThread]: Resource report: {"command_name": "build", "command_success": true, "command_wall_clock_time": 20.764498, "process_in_blocks": "0", "process_kernel_time": 0.372207, "process_mem_max_rss": "247808000", "process_out_blocks": "0", "process_user_time": 1.555307}
[0m10:34:13.575161 [debug] [MainThread]: Command `dbt build` succeeded at 10:34:13.575121 after 20.76 seconds
[0m10:34:13.575325 [debug] [MainThread]: Sending event: {'category': 'dbt', 'action': 'invocation', 'label': 'end', 'context': [<snowplow_tracker.self_describing_json.SelfDescribingJson object at 0x109f59250>, <snowplow_tracker.self_describing_json.SelfDescribingJson object at 0x10a860450>, <snowplow_tracker.self_describing_json.SelfDescribingJson object at 0x10b5f8de0>]}
[0m10:34:13.575457 [debug] [MainThread]: Flushing usage events
[0m10:34:14.086559 [debug] [MainThread]: An error was encountered while trying to flush usage events
[0m14:29:46.933556 [debug] [MainThread]: Sending event: {'category': 'dbt', 'action': 'invocation', 'label': 'start', 'context': [<snowplow_tracker.self_describing_json.SelfDescribingJson object at 0x10a8782f0>, <snowplow_tracker.self_describing_json.SelfDescribingJson object at 0x10b963610>, <snowplow_tracker.self_describing_json.SelfDescribingJson object at 0x10b963890>]}


============================== 14:29:46.936031 | c6cb6c45-5c24-4004-a80f-566281522ab2 ==============================
[0m14:29:46.936031 [info ] [MainThread]: Running with dbt=1.11.6
[0m14:29:46.936270 [debug] [MainThread]: running dbt with arguments {'use_colors': 'True', 'partial_parse': 'True', 'cache_selected_only': 'False', 'introspect': 'True', 'fail_fast': 'False', 'profiles_dir': '.', 'warn_error': 'None', 'warn_error_options': 'WarnErrorOptionsV2(error=[], warn=[], silence=[])', 'no_print': 'None', 'debug': 'False', 'empty': 'False', 'target_path': 'None', 'log_format': 'default', 'indirect_selection': 'eager', 'static_parser': 'True', 'log_cache_events': 'False', 'quiet': 'False', 'printer_width': '80', 'use_experimental_parser': 'False', 'version_check': 'True', 'invocation_command': 'dbt run --profiles-dir . --target databricks --selector second_group_without_selected', 'send_anonymous_usage_stats': 'True', 'log_path': '/Users/szabolcsszentes/Documents/projects/dbt_test_for_run/logs', 'write_json': 'True'}
[0m14:29:47.303702 [debug] [MainThread]: Spark adapter: Setting pyhive.hive logging to ERROR
[0m14:29:47.303911 [debug] [MainThread]: Spark adapter: Setting thrift.transport logging to ERROR
[0m14:29:47.304015 [debug] [MainThread]: Spark adapter: Setting thrift.protocol logging to ERROR
[0m14:29:47.875172 [debug] [MainThread]: Sending event: {'category': 'dbt', 'action': 'project_id', 'label': 'c6cb6c45-5c24-4004-a80f-566281522ab2', 'context': [<snowplow_tracker.self_describing_json.SelfDescribingJson object at 0x10ac75480>]}
[0m14:29:47.894190 [debug] [MainThread]: Sending event: {'category': 'dbt', 'action': 'adapter_info', 'label': 'c6cb6c45-5c24-4004-a80f-566281522ab2', 'context': [<snowplow_tracker.self_describing_json.SelfDescribingJson object at 0x11372f020>]}
[0m14:29:47.894406 [info ] [MainThread]: Registered adapter: databricks=1.11.5
[0m14:29:47.949980 [warn ] [MainThread]: [[33mWARNING[0m]: Use managed Iceberg tables when table_format is iceberg. When this flag is disabled, UniForm is used instead.
You may opt into the new behavior sooner by setting `flags.use_managed_iceberg` to `True` in `dbt_project.yml`.
Visit https://docs.getdbt.com/reference/global-configs/behavior-changes for more information.
[0m14:29:47.950370 [debug] [MainThread]: Sending event: {'category': 'dbt', 'action': 'BehaviorChangeEvent', 'label': 'c6cb6c45-5c24-4004-a80f-566281522ab2', 'context': [<snowplow_tracker.self_describing_json.SelfDescribingJson object at 0x11365fb50>]}
[0m14:29:47.955122 [debug] [MainThread]: checksum: 6bff9b0fed7e2d76821166f4b272d8aa571bf0a0afe21c210d5eda6b781d3064, vars: {}, profile: , target: databricks, version: 1.11.6
[0m14:29:48.013535 [debug] [MainThread]: Partial parsing enabled: 0 files deleted, 0 files added, 0 files changed.
[0m14:29:48.013715 [debug] [MainThread]: Nothing changed, skipping partial parsing.
[0m14:29:48.013798 [debug] [MainThread]: Partial parsing enabled, no changes found, skipping parsing
[0m14:29:48.026847 [debug] [MainThread]: Sending event: {'category': 'dbt', 'action': 'load_project', 'label': 'c6cb6c45-5c24-4004-a80f-566281522ab2', 'context': [<snowplow_tracker.self_describing_json.SelfDescribingJson object at 0x113bd99a0>]}
[0m14:29:48.052311 [debug] [MainThread]: Wrote artifact WritableManifest to /Users/szabolcsszentes/Documents/projects/dbt_test_for_run/target/manifest.json
[0m14:29:48.053368 [debug] [MainThread]: Wrote artifact SemanticManifest to /Users/szabolcsszentes/Documents/projects/dbt_test_for_run/target/semantic_manifest.json
[0m14:29:48.058662 [debug] [MainThread]: Sending event: {'category': 'dbt', 'action': 'resource_counts', 'label': 'c6cb6c45-5c24-4004-a80f-566281522ab2', 'context': [<snowplow_tracker.self_describing_json.SelfDescribingJson object at 0x113d46b30>]}
[0m14:29:48.058841 [info ] [MainThread]: Found 3 models, 1 seed, 731 macros
[0m14:29:48.058962 [debug] [MainThread]: Sending event: {'category': 'dbt', 'action': 'runnable_timing', 'label': 'c6cb6c45-5c24-4004-a80f-566281522ab2', 'context': [<snowplow_tracker.self_describing_json.SelfDescribingJson object at 0x113d1e9c0>]}
[0m14:29:48.059614 [info ] [MainThread]: 
[0m14:29:48.059730 [info ] [MainThread]: Concurrency: 1 threads (target='databricks')
[0m14:29:48.059822 [info ] [MainThread]: 
[0m14:29:48.060030 [debug] [MainThread]: Databricks adapter: DatabricksDBTConnection(session-id=None, name=master) - Creating connection
[0m14:29:48.060132 [debug] [MainThread]: Acquiring new databricks connection 'master'
[0m14:29:48.060447 [debug] [ThreadPool]: Databricks adapter: DatabricksDBTConnection(session-id=None, name=list_datapao_cns) - Creating connection
[0m14:29:48.060562 [debug] [ThreadPool]: Acquiring new databricks connection 'list_datapao_cns'
[0m14:29:48.065547 [debug] [ThreadPool]: Using databricks connection "list_datapao_cns"
[0m14:29:48.065694 [debug] [ThreadPool]: On list_datapao_cns: /* {"app": "dbt", "dbt_version": "1.11.6", "dbt_databricks_version": "1.11.5", "databricks_sql_connector_version": "4.1.3", "profile_name": "dbt_test", "target_name": "databricks", "connection_name": "list_datapao_cns"} */

    

  SHOW SCHEMAS IN `datapao_cns`


  
[0m14:29:48.065786 [debug] [ThreadPool]: Opening a new connection, currently in state init
[0m14:29:48.431384 [debug] [ThreadPool]: Databricks adapter: Connection(session-id=01f11d4e-6029-1aa8-afb3-a21c62b05ade) - Created
[0m14:29:56.570596 [debug] [ThreadPool]: SQL status: OK in 8.500 seconds
[0m14:29:56.580995 [debug] [ThreadPool]: Databricks adapter: Cursor(session-id=01f11d4e-6029-1aa8-afb3-a21c62b05ade, command-id=01f11d4e-603f-1b4c-8c87-73b3c47c091d) - Closing
[0m14:29:56.711103 [debug] [ThreadPool]: On list_datapao_cns: Close
[0m14:29:56.712055 [debug] [ThreadPool]: Databricks adapter: Connection(session-id=01f11d4e-6029-1aa8-afb3-a21c62b05ade) - Closing
[0m14:29:56.810458 [debug] [ThreadPool]: Databricks adapter: DatabricksDBTConnection(session-id=None, name=list_datapao_cns_dbt_test) - Creating connection
[0m14:29:56.810947 [debug] [ThreadPool]: Acquiring new databricks connection 'list_datapao_cns_dbt_test'
[0m14:29:56.817927 [debug] [ThreadPool]: Using databricks connection "list_datapao_cns_dbt_test"
[0m14:29:56.818192 [debug] [ThreadPool]: On list_datapao_cns_dbt_test: /* {"app": "dbt", "dbt_version": "1.11.6", "dbt_databricks_version": "1.11.5", "databricks_sql_connector_version": "4.1.3", "profile_name": "dbt_test", "target_name": "databricks", "connection_name": "list_datapao_cns_dbt_test"} */

    
SELECT
  table_name,
  if(table_type IN ('EXTERNAL', 'MANAGED', 'MANAGED_SHALLOW_CLONE', 'EXTERNAL_SHALLOW_CLONE'), 'table', lower(table_type)) AS table_type,
  lower(data_source_format) AS file_format,
  table_owner,
  if(
    table_type IN (
      'EXTERNAL',
      'MANAGED',
      'MANAGED_SHALLOW_CLONE',
      'EXTERNAL_SHALLOW_CLONE'
    ),
    lower(table_type),
    NULL
  ) AS databricks_table_type
FROM `system`.`information_schema`.`tables`
WHERE table_catalog = 'datapao_cns' 
  AND table_schema = 'dbt_test'

  
[0m14:29:56.818403 [debug] [ThreadPool]: Opening a new connection, currently in state init
[0m14:29:56.957491 [debug] [ThreadPool]: Databricks adapter: Connection(session-id=01f11d4e-654c-1503-b2a0-f9199b63024b) - Created
[0m14:29:59.207566 [debug] [ThreadPool]: SQL status: OK in 2.390 seconds
[0m14:29:59.210939 [debug] [ThreadPool]: Databricks adapter: Cursor(session-id=01f11d4e-654c-1503-b2a0-f9199b63024b, command-id=01f11d4e-6554-1ca5-af6b-77f473cbb430) - Closing
[0m14:29:59.211931 [debug] [ThreadPool]: On list_datapao_cns_dbt_test: Close
[0m14:29:59.212519 [debug] [ThreadPool]: Databricks adapter: Connection(session-id=01f11d4e-654c-1503-b2a0-f9199b63024b) - Closing
[0m14:29:59.277647 [debug] [MainThread]: Sending event: {'category': 'dbt', 'action': 'runnable_timing', 'label': 'c6cb6c45-5c24-4004-a80f-566281522ab2', 'context': [<snowplow_tracker.self_describing_json.SelfDescribingJson object at 0x113bc3290>]}
[0m14:29:59.283690 [debug] [Thread-3 (]: Began running node model.dbt_test.modified_customers
[0m14:29:59.284397 [info ] [Thread-3 (]: 1 of 1 START sql table model dbt_test.modified_customers ....................... [RUN]
[0m14:29:59.284998 [debug] [Thread-3 (]: Databricks adapter: DatabricksDBTConnection(session-id=None, name=model.dbt_test.modified_customers) - Creating connection
[0m14:29:59.285311 [debug] [Thread-3 (]: Acquiring new databricks connection 'model.dbt_test.modified_customers'
[0m14:29:59.285562 [debug] [Thread-3 (]: Began compiling node model.dbt_test.modified_customers
[0m14:29:59.292690 [debug] [Thread-3 (]: Writing injected SQL for node "model.dbt_test.modified_customers"
[0m14:29:59.293736 [debug] [Thread-3 (]: Began executing node model.dbt_test.modified_customers
[0m14:29:59.306739 [debug] [Thread-3 (]: MATERIALIZING TABLE
[0m14:29:59.307246 [warn ] [Thread-3 (]: [[33mWARNING[0m]: Use revamped materializations based on separating create and insert.  This allows more performant column comments, as well as new column features.
You may opt into the new behavior sooner by setting `flags.use_materialization_v2` to `True` in `dbt_project.yml`.
Visit https://docs.getdbt.com/reference/global-configs/behavior-changes for more information.
[0m14:29:59.307589 [debug] [Thread-3 (]: Sending event: {'category': 'dbt', 'action': 'BehaviorChangeEvent', 'label': 'c6cb6c45-5c24-4004-a80f-566281522ab2', 'context': [<snowplow_tracker.self_describing_json.SelfDescribingJson object at 0x113c3dc80>]}
[0m14:29:59.329323 [debug] [Thread-3 (]: Writing runtime sql for node "model.dbt_test.modified_customers"
[0m14:29:59.329818 [debug] [Thread-3 (]: Using databricks connection "model.dbt_test.modified_customers"
[0m14:29:59.329953 [debug] [Thread-3 (]: On model.dbt_test.modified_customers: /* {"app": "dbt", "dbt_version": "1.11.6", "dbt_databricks_version": "1.11.5", "databricks_sql_connector_version": "4.1.3", "profile_name": "dbt_test", "target_name": "databricks", "node_id": "model.dbt_test.modified_customers"} */

  
    
        create or replace table `datapao_cns`.`dbt_test`.`modified_customers`
      
      
    using delta
  
      
      
      
      
      
      
      
      as
      select
    customer_id,
    first_name || ' ' || last_name as full_name,
    email,
    signup_date,
    'modified' as status
from `datapao_cns`.`dbt_test`.`customers`
  
[0m14:29:59.330066 [debug] [Thread-3 (]: Opening a new connection, currently in state init
[0m14:29:59.482332 [debug] [Thread-3 (]: Databricks adapter: Connection(session-id=01f11d4e-66ca-1579-b9cd-0f6f0585dce2) - Created
[0m14:30:06.433120 [debug] [Thread-3 (]: SQL status: OK in 7.100 seconds
[0m14:30:06.434866 [debug] [Thread-3 (]: Databricks adapter: Cursor(session-id=01f11d4e-66ca-1579-b9cd-0f6f0585dce2, command-id=01f11d4e-66d5-1e25-8baf-39c0f1419bf9) - Closing
[0m14:30:06.581894 [debug] [Thread-3 (]: Applying tags to relation None
[0m14:30:06.593543 [debug] [Thread-3 (]: On model.dbt_test.modified_customers: Close
[0m14:30:06.593811 [debug] [Thread-3 (]: Databricks adapter: Connection(session-id=01f11d4e-66ca-1579-b9cd-0f6f0585dce2) - Closing
[0m14:30:06.666461 [debug] [Thread-3 (]: Sending event: {'category': 'dbt', 'action': 'run_model', 'label': 'c6cb6c45-5c24-4004-a80f-566281522ab2', 'context': [<snowplow_tracker.self_describing_json.SelfDescribingJson object at 0x10ac065d0>]}
[0m14:30:06.667055 [info ] [Thread-3 (]: 1 of 1 OK created sql table model dbt_test.modified_customers .................. [[32mOK[0m in 7.38s]
[0m14:30:06.667515 [debug] [Thread-3 (]: Finished running node model.dbt_test.modified_customers
[0m14:30:06.668498 [debug] [MainThread]: Databricks adapter: DatabricksDBTConnection(session-id=None, name=master) - Creating connection
[0m14:30:06.668811 [debug] [MainThread]: Acquiring new databricks connection 'master'
[0m14:30:06.669150 [info ] [MainThread]: 
[0m14:30:06.669403 [info ] [MainThread]: Finished running 1 table model in 0 hours 0 minutes and 18.61 seconds (18.61s).
[0m14:30:06.669907 [debug] [MainThread]: Command end result
[0m14:30:06.691115 [debug] [MainThread]: Wrote artifact WritableManifest to /Users/szabolcsszentes/Documents/projects/dbt_test_for_run/target/manifest.json
[0m14:30:06.693057 [debug] [MainThread]: Wrote artifact SemanticManifest to /Users/szabolcsszentes/Documents/projects/dbt_test_for_run/target/semantic_manifest.json
[0m14:30:06.696635 [debug] [MainThread]: Wrote artifact RunExecutionResult to /Users/szabolcsszentes/Documents/projects/dbt_test_for_run/target/run_results.json
[0m14:30:06.696807 [info ] [MainThread]: 
[0m14:30:06.696991 [info ] [MainThread]: [32mCompleted successfully[0m
[0m14:30:06.697130 [info ] [MainThread]: 
[0m14:30:06.697261 [info ] [MainThread]: Done. PASS=1 WARN=0 ERROR=0 SKIP=0 NO-OP=0 TOTAL=1
[0m14:30:06.711578 [debug] [MainThread]: Resource report: {"command_name": "run", "command_success": true, "command_wall_clock_time": 19.807396, "process_in_blocks": "0", "process_kernel_time": 0.322905, "process_mem_max_rss": "253034496", "process_out_blocks": "0", "process_user_time": 1.348267}
[0m14:30:06.711921 [debug] [MainThread]: Command `dbt run` succeeded at 14:30:06.711870 after 19.81 seconds
[0m14:30:06.712155 [debug] [MainThread]: Sending event: {'category': 'dbt', 'action': 'invocation', 'label': 'end', 'context': [<snowplow_tracker.self_describing_json.SelfDescribingJson object at 0x10ac24350>, <snowplow_tracker.self_describing_json.SelfDescribingJson object at 0x10ac17050>, <snowplow_tracker.self_describing_json.SelfDescribingJson object at 0x10b9b9010>]}
[0m14:30:06.712338 [debug] [MainThread]: Flushing usage events
[0m14:30:07.310501 [debug] [MainThread]: An error was encountered while trying to flush usage events
[0m15:21:51.387765 [debug] [MainThread]: Sending event: {'category': 'dbt', 'action': 'invocation', 'label': 'start', 'context': [<snowplow_tracker.self_describing_json.SelfDescribingJson object at 0x1086e02f0>, <snowplow_tracker.self_describing_json.SelfDescribingJson object at 0x1097cb610>, <snowplow_tracker.self_describing_json.SelfDescribingJson object at 0x1097cb890>]}


============================== 15:21:51.390406 | 9b66b43a-69da-4437-abc1-7d503a67e531 ==============================
[0m15:21:51.390406 [info ] [MainThread]: Running with dbt=1.11.6
[0m15:21:51.390828 [debug] [MainThread]: running dbt with arguments {'indirect_selection': 'eager', 'introspect': 'True', 'partial_parse': 'True', 'debug': 'False', 'send_anonymous_usage_stats': 'True', 'quiet': 'False', 'use_experimental_parser': 'False', 'warn_error': 'None', 'log_cache_events': 'False', 'log_path': '/Users/szabolcsszentes/Documents/projects/dbt_test_for_run/logs', 'printer_width': '80', 'use_colors': 'True', 'version_check': 'True', 'profiles_dir': '.', 'static_parser': 'True', 'fail_fast': 'False', 'warn_error_options': 'WarnErrorOptionsV2(error=[], warn=[], silence=[])', 'log_format': 'default', 'no_print': 'None', 'invocation_command': 'dbt run --profiles-dir . --target databricks --selector second_group_without_selected', 'write_json': 'True', 'cache_selected_only': 'False', 'empty': 'False', 'target_path': 'None'}
[0m15:21:51.763695 [debug] [MainThread]: Spark adapter: Setting pyhive.hive logging to ERROR
[0m15:21:51.763948 [debug] [MainThread]: Spark adapter: Setting thrift.transport logging to ERROR
[0m15:21:51.764081 [debug] [MainThread]: Spark adapter: Setting thrift.protocol logging to ERROR
[0m15:21:52.246916 [debug] [MainThread]: Sending event: {'category': 'dbt', 'action': 'project_id', 'label': '9b66b43a-69da-4437-abc1-7d503a67e531', 'context': [<snowplow_tracker.self_describing_json.SelfDescribingJson object at 0x108ad9480>]}
[0m15:21:52.267281 [debug] [MainThread]: Sending event: {'category': 'dbt', 'action': 'adapter_info', 'label': '9b66b43a-69da-4437-abc1-7d503a67e531', 'context': [<snowplow_tracker.self_describing_json.SelfDescribingJson object at 0x111572ad0>]}
[0m15:21:52.267628 [info ] [MainThread]: Registered adapter: databricks=1.11.5
[0m15:21:52.325244 [warn ] [MainThread]: [[33mWARNING[0m]: Use managed Iceberg tables when table_format is iceberg. When this flag is disabled, UniForm is used instead.
You may opt into the new behavior sooner by setting `flags.use_managed_iceberg` to `True` in `dbt_project.yml`.
Visit https://docs.getdbt.com/reference/global-configs/behavior-changes for more information.
[0m15:21:52.325627 [debug] [MainThread]: Sending event: {'category': 'dbt', 'action': 'BehaviorChangeEvent', 'label': '9b66b43a-69da-4437-abc1-7d503a67e531', 'context': [<snowplow_tracker.self_describing_json.SelfDescribingJson object at 0x1114a3b50>]}
[0m15:21:52.330698 [debug] [MainThread]: checksum: 6bff9b0fed7e2d76821166f4b272d8aa571bf0a0afe21c210d5eda6b781d3064, vars: {}, profile: , target: databricks, version: 1.11.6
[0m15:21:52.390247 [debug] [MainThread]: Partial parsing enabled: 0 files deleted, 0 files added, 0 files changed.
[0m15:21:52.390460 [debug] [MainThread]: Nothing changed, skipping partial parsing.
[0m15:21:52.390561 [debug] [MainThread]: Partial parsing enabled, no changes found, skipping parsing
[0m15:21:52.403625 [debug] [MainThread]: Sending event: {'category': 'dbt', 'action': 'load_project', 'label': '9b66b43a-69da-4437-abc1-7d503a67e531', 'context': [<snowplow_tracker.self_describing_json.SelfDescribingJson object at 0x111a219a0>]}
[0m15:21:52.429305 [debug] [MainThread]: Wrote artifact WritableManifest to /Users/szabolcsszentes/Documents/projects/dbt_test_for_run/target/manifest.json
[0m15:21:52.430294 [debug] [MainThread]: Wrote artifact SemanticManifest to /Users/szabolcsszentes/Documents/projects/dbt_test_for_run/target/semantic_manifest.json
[0m15:21:52.435998 [debug] [MainThread]: Sending event: {'category': 'dbt', 'action': 'resource_counts', 'label': '9b66b43a-69da-4437-abc1-7d503a67e531', 'context': [<snowplow_tracker.self_describing_json.SelfDescribingJson object at 0x111b8ab30>]}
[0m15:21:52.436164 [info ] [MainThread]: Found 3 models, 1 seed, 731 macros
[0m15:21:52.436285 [debug] [MainThread]: Sending event: {'category': 'dbt', 'action': 'runnable_timing', 'label': '9b66b43a-69da-4437-abc1-7d503a67e531', 'context': [<snowplow_tracker.self_describing_json.SelfDescribingJson object at 0x111b669c0>]}
[0m15:21:52.436925 [info ] [MainThread]: 
[0m15:21:52.437043 [info ] [MainThread]: Concurrency: 1 threads (target='databricks')
[0m15:21:52.437133 [info ] [MainThread]: 
[0m15:21:52.437349 [debug] [MainThread]: Databricks adapter: DatabricksDBTConnection(session-id=None, name=master) - Creating connection
[0m15:21:52.437453 [debug] [MainThread]: Acquiring new databricks connection 'master'
[0m15:21:52.437781 [debug] [ThreadPool]: Databricks adapter: DatabricksDBTConnection(session-id=None, name=list_datapao_cns) - Creating connection
[0m15:21:52.437929 [debug] [ThreadPool]: Acquiring new databricks connection 'list_datapao_cns'
[0m15:21:52.443155 [debug] [ThreadPool]: Using databricks connection "list_datapao_cns"
[0m15:21:52.443303 [debug] [ThreadPool]: On list_datapao_cns: /* {"app": "dbt", "dbt_version": "1.11.6", "dbt_databricks_version": "1.11.5", "databricks_sql_connector_version": "4.1.3", "profile_name": "dbt_test", "target_name": "databricks", "connection_name": "list_datapao_cns"} */

    

  SHOW SCHEMAS IN `datapao_cns`


  
[0m15:21:52.443405 [debug] [ThreadPool]: Opening a new connection, currently in state init
[0m15:21:52.788590 [debug] [ThreadPool]: Databricks adapter: Connection(session-id=01f11d55-a670-10bd-81d3-cdc5ae6eb213) - Created
[0m15:22:01.704472 [debug] [ThreadPool]: SQL status: OK in 9.260 seconds
[0m15:22:01.714125 [debug] [ThreadPool]: Databricks adapter: Cursor(session-id=01f11d55-a670-10bd-81d3-cdc5ae6eb213, command-id=01f11d55-a683-1a04-a63d-6e6f6f71d396) - Closing
[0m15:22:01.895293 [debug] [ThreadPool]: On list_datapao_cns: Close
[0m15:22:01.896078 [debug] [ThreadPool]: Databricks adapter: Connection(session-id=01f11d55-a670-10bd-81d3-cdc5ae6eb213) - Closing
[0m15:22:01.971168 [debug] [ThreadPool]: Databricks adapter: DatabricksDBTConnection(session-id=None, name=list_datapao_cns_dbt_test) - Creating connection
[0m15:22:01.971677 [debug] [ThreadPool]: Acquiring new databricks connection 'list_datapao_cns_dbt_test'
[0m15:22:01.978176 [debug] [ThreadPool]: Using databricks connection "list_datapao_cns_dbt_test"
[0m15:22:01.978444 [debug] [ThreadPool]: On list_datapao_cns_dbt_test: /* {"app": "dbt", "dbt_version": "1.11.6", "dbt_databricks_version": "1.11.5", "databricks_sql_connector_version": "4.1.3", "profile_name": "dbt_test", "target_name": "databricks", "connection_name": "list_datapao_cns_dbt_test"} */

    
SELECT
  table_name,
  if(table_type IN ('EXTERNAL', 'MANAGED', 'MANAGED_SHALLOW_CLONE', 'EXTERNAL_SHALLOW_CLONE'), 'table', lower(table_type)) AS table_type,
  lower(data_source_format) AS file_format,
  table_owner,
  if(
    table_type IN (
      'EXTERNAL',
      'MANAGED',
      'MANAGED_SHALLOW_CLONE',
      'EXTERNAL_SHALLOW_CLONE'
    ),
    lower(table_type),
    NULL
  ) AS databricks_table_type
FROM `system`.`information_schema`.`tables`
WHERE table_catalog = 'datapao_cns' 
  AND table_schema = 'dbt_test'

  
[0m15:22:01.978652 [debug] [ThreadPool]: Opening a new connection, currently in state init
[0m15:22:02.115583 [debug] [ThreadPool]: Databricks adapter: Connection(session-id=01f11d55-ac09-1a2f-8a1b-9ef341dd25bb) - Created
[0m15:22:04.767521 [debug] [ThreadPool]: SQL status: OK in 2.790 seconds
[0m15:22:04.770957 [debug] [ThreadPool]: Databricks adapter: Cursor(session-id=01f11d55-ac09-1a2f-8a1b-9ef341dd25bb, command-id=01f11d55-ac12-1a5f-846c-41562bcc7381) - Closing
[0m15:22:04.771800 [debug] [ThreadPool]: On list_datapao_cns_dbt_test: Close
[0m15:22:04.772126 [debug] [ThreadPool]: Databricks adapter: Connection(session-id=01f11d55-ac09-1a2f-8a1b-9ef341dd25bb) - Closing
[0m15:22:04.852361 [debug] [MainThread]: Sending event: {'category': 'dbt', 'action': 'runnable_timing', 'label': '9b66b43a-69da-4437-abc1-7d503a67e531', 'context': [<snowplow_tracker.self_describing_json.SelfDescribingJson object at 0x111a16e10>]}
[0m15:22:04.857883 [debug] [Thread-3 (]: Began running node model.dbt_test.modified_customers
[0m15:22:04.858526 [info ] [Thread-3 (]: 1 of 1 START sql table model dbt_test.modified_customers ....................... [RUN]
[0m15:22:04.858994 [debug] [Thread-3 (]: Databricks adapter: DatabricksDBTConnection(session-id=None, name=model.dbt_test.modified_customers) - Creating connection
[0m15:22:04.859315 [debug] [Thread-3 (]: Acquiring new databricks connection 'model.dbt_test.modified_customers'
[0m15:22:04.859626 [debug] [Thread-3 (]: Began compiling node model.dbt_test.modified_customers
[0m15:22:04.866899 [debug] [Thread-3 (]: Writing injected SQL for node "model.dbt_test.modified_customers"
[0m15:22:04.868283 [debug] [Thread-3 (]: Began executing node model.dbt_test.modified_customers
[0m15:22:04.881592 [debug] [Thread-3 (]: MATERIALIZING TABLE
[0m15:22:04.882438 [warn ] [Thread-3 (]: [[33mWARNING[0m]: Use revamped materializations based on separating create and insert.  This allows more performant column comments, as well as new column features.
You may opt into the new behavior sooner by setting `flags.use_materialization_v2` to `True` in `dbt_project.yml`.
Visit https://docs.getdbt.com/reference/global-configs/behavior-changes for more information.
[0m15:22:04.882844 [debug] [Thread-3 (]: Sending event: {'category': 'dbt', 'action': 'BehaviorChangeEvent', 'label': '9b66b43a-69da-4437-abc1-7d503a67e531', 'context': [<snowplow_tracker.self_describing_json.SelfDescribingJson object at 0x111a4e150>]}
[0m15:22:04.906677 [debug] [Thread-3 (]: Writing runtime sql for node "model.dbt_test.modified_customers"
[0m15:22:04.907229 [debug] [Thread-3 (]: Using databricks connection "model.dbt_test.modified_customers"
[0m15:22:04.907461 [debug] [Thread-3 (]: On model.dbt_test.modified_customers: /* {"app": "dbt", "dbt_version": "1.11.6", "dbt_databricks_version": "1.11.5", "databricks_sql_connector_version": "4.1.3", "profile_name": "dbt_test", "target_name": "databricks", "node_id": "model.dbt_test.modified_customers"} */

  
    
        create or replace table `datapao_cns`.`dbt_test`.`modified_customers`
      
      
    using delta
  
      
      
      
      
      
      
      
      as
      select
    customer_id,
    first_name || ' ' || last_name as full_name,
    email,
    signup_date,
    'modified' as status
from `datapao_cns`.`dbt_test`.`customers`
  
[0m15:22:04.907618 [debug] [Thread-3 (]: Opening a new connection, currently in state init
[0m15:22:05.033447 [debug] [Thread-3 (]: Databricks adapter: Connection(session-id=01f11d55-adc8-1025-8797-467f3363ef6f) - Created
[0m15:22:12.480607 [debug] [Thread-3 (]: SQL status: OK in 7.570 seconds
[0m15:22:12.482492 [debug] [Thread-3 (]: Databricks adapter: Cursor(session-id=01f11d55-adc8-1025-8797-467f3363ef6f, command-id=01f11d55-adcf-1d24-86de-5ca72bce67d7) - Closing
[0m15:22:12.597964 [debug] [Thread-3 (]: Applying tags to relation None
[0m15:22:12.609825 [debug] [Thread-3 (]: On model.dbt_test.modified_customers: Close
[0m15:22:12.610075 [debug] [Thread-3 (]: Databricks adapter: Connection(session-id=01f11d55-adc8-1025-8797-467f3363ef6f) - Closing
[0m15:22:12.681869 [debug] [Thread-3 (]: Sending event: {'category': 'dbt', 'action': 'run_model', 'label': '9b66b43a-69da-4437-abc1-7d503a67e531', 'context': [<snowplow_tracker.self_describing_json.SelfDescribingJson object at 0x108a725d0>]}
[0m15:22:12.682513 [info ] [Thread-3 (]: 1 of 1 OK created sql table model dbt_test.modified_customers .................. [[32mOK[0m in 7.82s]
[0m15:22:12.683056 [debug] [Thread-3 (]: Finished running node model.dbt_test.modified_customers
[0m15:22:12.684198 [debug] [MainThread]: Databricks adapter: DatabricksDBTConnection(session-id=None, name=master) - Creating connection
[0m15:22:12.684508 [debug] [MainThread]: Acquiring new databricks connection 'master'
[0m15:22:12.684842 [info ] [MainThread]: 
[0m15:22:12.685096 [info ] [MainThread]: Finished running 1 table model in 0 hours 0 minutes and 20.25 seconds (20.25s).
[0m15:22:12.685585 [debug] [MainThread]: Command end result
[0m15:22:12.707039 [debug] [MainThread]: Wrote artifact WritableManifest to /Users/szabolcsszentes/Documents/projects/dbt_test_for_run/target/manifest.json
[0m15:22:12.708747 [debug] [MainThread]: Wrote artifact SemanticManifest to /Users/szabolcsszentes/Documents/projects/dbt_test_for_run/target/semantic_manifest.json
[0m15:22:12.711232 [debug] [MainThread]: Wrote artifact RunExecutionResult to /Users/szabolcsszentes/Documents/projects/dbt_test_for_run/target/run_results.json
[0m15:22:12.711368 [info ] [MainThread]: 
[0m15:22:12.711519 [info ] [MainThread]: [32mCompleted successfully[0m
[0m15:22:12.711621 [info ] [MainThread]: 
[0m15:22:12.711739 [info ] [MainThread]: Done. PASS=1 WARN=0 ERROR=0 SKIP=0 NO-OP=0 TOTAL=1
[0m15:22:12.714688 [debug] [MainThread]: Resource report: {"command_name": "run", "command_success": true, "command_wall_clock_time": 21.356129, "process_in_blocks": "0", "process_kernel_time": 0.308503, "process_mem_max_rss": "252772352", "process_out_blocks": "0", "process_user_time": 1.352597}
[0m15:22:12.714918 [debug] [MainThread]: Command `dbt run` succeeded at 15:22:12.714872 after 21.36 seconds
[0m15:22:12.715103 [debug] [MainThread]: Sending event: {'category': 'dbt', 'action': 'invocation', 'label': 'end', 'context': [<snowplow_tracker.self_describing_json.SelfDescribingJson object at 0x108a88350>, <snowplow_tracker.self_describing_json.SelfDescribingJson object at 0x108a7f050>, <snowplow_tracker.self_describing_json.SelfDescribingJson object at 0x109821010>]}
[0m15:22:12.715270 [debug] [MainThread]: Flushing usage events
[0m15:22:13.326000 [debug] [MainThread]: An error was encountered while trying to flush usage events
[0m15:27:15.726743 [debug] [MainThread]: Sending event: {'category': 'dbt', 'action': 'invocation', 'label': 'start', 'context': [<snowplow_tracker.self_describing_json.SelfDescribingJson object at 0x108a442f0>, <snowplow_tracker.self_describing_json.SelfDescribingJson object at 0x109b2f610>, <snowplow_tracker.self_describing_json.SelfDescribingJson object at 0x109b2f890>]}


============================== 15:27:15.729338 | 6369db65-41ca-4902-90e2-c4007b8fa695 ==============================
[0m15:27:15.729338 [info ] [MainThread]: Running with dbt=1.11.6
[0m15:27:15.729585 [debug] [MainThread]: running dbt with arguments {'log_format': 'default', 'debug': 'False', 'use_experimental_parser': 'False', 'warn_error': 'None', 'version_check': 'True', 'fail_fast': 'False', 'printer_width': '80', 'partial_parse': 'True', 'warn_error_options': 'WarnErrorOptionsV2(error=[], warn=[], silence=[])', 'log_cache_events': 'False', 'no_print': 'None', 'static_parser': 'True', 'empty': 'False', 'use_colors': 'True', 'profiles_dir': '.', 'send_anonymous_usage_stats': 'True', 'introspect': 'True', 'invocation_command': 'dbt run --profiles-dir . --target databricks --selector second_group_without_selected --log-level debug', 'target_path': 'None', 'log_path': '/Users/szabolcsszentes/Documents/projects/dbt_test_for_run/logs', 'indirect_selection': 'eager', 'quiet': 'False', 'cache_selected_only': 'False', 'write_json': 'True'}
[0m15:27:16.096654 [debug] [MainThread]: Spark adapter: Setting pyhive.hive logging to ERROR
[0m15:27:16.096928 [debug] [MainThread]: Spark adapter: Setting thrift.transport logging to ERROR
[0m15:27:16.097097 [debug] [MainThread]: Spark adapter: Setting thrift.protocol logging to ERROR
[0m15:27:16.607328 [debug] [MainThread]: Sending event: {'category': 'dbt', 'action': 'project_id', 'label': '6369db65-41ca-4902-90e2-c4007b8fa695', 'context': [<snowplow_tracker.self_describing_json.SelfDescribingJson object at 0x108e3d480>]}
[0m15:27:16.628042 [debug] [MainThread]: Sending event: {'category': 'dbt', 'action': 'adapter_info', 'label': '6369db65-41ca-4902-90e2-c4007b8fa695', 'context': [<snowplow_tracker.self_describing_json.SelfDescribingJson object at 0x1118d6ad0>]}
[0m15:27:16.628395 [info ] [MainThread]: Registered adapter: databricks=1.11.5
[0m15:27:16.684526 [warn ] [MainThread]: [[33mWARNING[0m]: Use managed Iceberg tables when table_format is iceberg. When this flag is disabled, UniForm is used instead.
You may opt into the new behavior sooner by setting `flags.use_managed_iceberg` to `True` in `dbt_project.yml`.
Visit https://docs.getdbt.com/reference/global-configs/behavior-changes for more information.
[0m15:27:16.684890 [debug] [MainThread]: Sending event: {'category': 'dbt', 'action': 'BehaviorChangeEvent', 'label': '6369db65-41ca-4902-90e2-c4007b8fa695', 'context': [<snowplow_tracker.self_describing_json.SelfDescribingJson object at 0x111807b50>]}
[0m15:27:16.690523 [debug] [MainThread]: checksum: 6bff9b0fed7e2d76821166f4b272d8aa571bf0a0afe21c210d5eda6b781d3064, vars: {}, profile: , target: databricks, version: 1.11.6
[0m15:27:16.749430 [debug] [MainThread]: Partial parsing enabled: 0 files deleted, 0 files added, 0 files changed.
[0m15:27:16.749642 [debug] [MainThread]: Nothing changed, skipping partial parsing.
[0m15:27:16.749750 [debug] [MainThread]: Partial parsing enabled, no changes found, skipping parsing
[0m15:27:16.763689 [debug] [MainThread]: Sending event: {'category': 'dbt', 'action': 'load_project', 'label': '6369db65-41ca-4902-90e2-c4007b8fa695', 'context': [<snowplow_tracker.self_describing_json.SelfDescribingJson object at 0x111d819a0>]}
[0m15:27:16.792341 [debug] [MainThread]: Wrote artifact WritableManifest to /Users/szabolcsszentes/Documents/projects/dbt_test_for_run/target/manifest.json
[0m15:27:16.793536 [debug] [MainThread]: Wrote artifact SemanticManifest to /Users/szabolcsszentes/Documents/projects/dbt_test_for_run/target/semantic_manifest.json
[0m15:27:16.799131 [debug] [MainThread]: Sending event: {'category': 'dbt', 'action': 'resource_counts', 'label': '6369db65-41ca-4902-90e2-c4007b8fa695', 'context': [<snowplow_tracker.self_describing_json.SelfDescribingJson object at 0x111ef2b30>]}
[0m15:27:16.799351 [info ] [MainThread]: Found 3 models, 1 seed, 731 macros
[0m15:27:16.799462 [debug] [MainThread]: Sending event: {'category': 'dbt', 'action': 'runnable_timing', 'label': '6369db65-41ca-4902-90e2-c4007b8fa695', 'context': [<snowplow_tracker.self_describing_json.SelfDescribingJson object at 0x111eca9c0>]}
[0m15:27:16.800190 [info ] [MainThread]: 
[0m15:27:16.800347 [info ] [MainThread]: Concurrency: 1 threads (target='databricks')
[0m15:27:16.800480 [info ] [MainThread]: 
[0m15:27:16.800718 [debug] [MainThread]: Databricks adapter: DatabricksDBTConnection(session-id=None, name=master) - Creating connection
[0m15:27:16.800844 [debug] [MainThread]: Acquiring new databricks connection 'master'
[0m15:27:16.801196 [debug] [ThreadPool]: Databricks adapter: DatabricksDBTConnection(session-id=None, name=list_datapao_cns) - Creating connection
[0m15:27:16.801340 [debug] [ThreadPool]: Acquiring new databricks connection 'list_datapao_cns'
[0m15:27:16.807026 [debug] [ThreadPool]: Using databricks connection "list_datapao_cns"
[0m15:27:16.807199 [debug] [ThreadPool]: On list_datapao_cns: /* {"app": "dbt", "dbt_version": "1.11.6", "dbt_databricks_version": "1.11.5", "databricks_sql_connector_version": "4.1.3", "profile_name": "dbt_test", "target_name": "databricks", "connection_name": "list_datapao_cns"} */

    

  SHOW SCHEMAS IN `datapao_cns`


  
[0m15:27:16.807309 [debug] [ThreadPool]: Opening a new connection, currently in state init
[0m15:27:17.061241 [debug] [ThreadPool]: Databricks adapter: Connection(session-id=01f11d56-67b3-1b37-9943-c94c52c63d38) - Created
[0m15:27:24.763956 [debug] [ThreadPool]: SQL status: OK in 7.960 seconds
[0m15:27:24.775654 [debug] [ThreadPool]: Databricks adapter: Cursor(session-id=01f11d56-67b3-1b37-9943-c94c52c63d38, command-id=01f11d56-67cb-19d4-a33d-7d547d44906a) - Closing
[0m15:27:24.917335 [debug] [ThreadPool]: On list_datapao_cns: Close
[0m15:27:24.918231 [debug] [ThreadPool]: Databricks adapter: Connection(session-id=01f11d56-67b3-1b37-9943-c94c52c63d38) - Closing
[0m15:27:25.026356 [debug] [ThreadPool]: Databricks adapter: DatabricksDBTConnection(session-id=None, name=list_datapao_cns_dbt_test) - Creating connection
[0m15:27:25.026977 [debug] [ThreadPool]: Acquiring new databricks connection 'list_datapao_cns_dbt_test'
[0m15:27:25.033287 [debug] [ThreadPool]: Using databricks connection "list_datapao_cns_dbt_test"
[0m15:27:25.033736 [debug] [ThreadPool]: On list_datapao_cns_dbt_test: /* {"app": "dbt", "dbt_version": "1.11.6", "dbt_databricks_version": "1.11.5", "databricks_sql_connector_version": "4.1.3", "profile_name": "dbt_test", "target_name": "databricks", "connection_name": "list_datapao_cns_dbt_test"} */

    
SELECT
  table_name,
  if(table_type IN ('EXTERNAL', 'MANAGED', 'MANAGED_SHALLOW_CLONE', 'EXTERNAL_SHALLOW_CLONE'), 'table', lower(table_type)) AS table_type,
  lower(data_source_format) AS file_format,
  table_owner,
  if(
    table_type IN (
      'EXTERNAL',
      'MANAGED',
      'MANAGED_SHALLOW_CLONE',
      'EXTERNAL_SHALLOW_CLONE'
    ),
    lower(table_type),
    NULL
  ) AS databricks_table_type
FROM `system`.`information_schema`.`tables`
WHERE table_catalog = 'datapao_cns' 
  AND table_schema = 'dbt_test'

  
[0m15:27:25.034492 [debug] [ThreadPool]: Opening a new connection, currently in state init
[0m15:27:25.184223 [debug] [ThreadPool]: Databricks adapter: Connection(session-id=01f11d56-6c98-1f15-b8a5-280c4be62811) - Created
[0m15:27:27.616538 [debug] [ThreadPool]: SQL status: OK in 2.580 seconds
[0m15:27:27.621115 [debug] [ThreadPool]: Databricks adapter: Cursor(session-id=01f11d56-6c98-1f15-b8a5-280c4be62811, command-id=01f11d56-6ca2-1487-8cc6-aa97af4bd9df) - Closing
[0m15:27:27.622471 [debug] [ThreadPool]: On list_datapao_cns_dbt_test: Close
[0m15:27:27.622926 [debug] [ThreadPool]: Databricks adapter: Connection(session-id=01f11d56-6c98-1f15-b8a5-280c4be62811) - Closing
[0m15:27:27.696237 [debug] [MainThread]: Sending event: {'category': 'dbt', 'action': 'runnable_timing', 'label': '6369db65-41ca-4902-90e2-c4007b8fa695', 'context': [<snowplow_tracker.self_describing_json.SelfDescribingJson object at 0x111d771d0>]}
[0m15:27:27.699475 [debug] [Thread-3 (]: Began running node model.dbt_test.modified_customers
[0m15:27:27.700004 [info ] [Thread-3 (]: 1 of 1 START sql table model dbt_test.modified_customers ....................... [RUN]
[0m15:27:27.700268 [debug] [Thread-3 (]: Databricks adapter: DatabricksDBTConnection(session-id=None, name=model.dbt_test.modified_customers) - Creating connection
[0m15:27:27.700402 [debug] [Thread-3 (]: Acquiring new databricks connection 'model.dbt_test.modified_customers'
[0m15:27:27.700525 [debug] [Thread-3 (]: Began compiling node model.dbt_test.modified_customers
[0m15:27:27.706906 [debug] [Thread-3 (]: Writing injected SQL for node "model.dbt_test.modified_customers"
[0m15:27:27.707593 [debug] [Thread-3 (]: Began executing node model.dbt_test.modified_customers
[0m15:27:27.719710 [debug] [Thread-3 (]: MATERIALIZING TABLE
[0m15:27:27.720181 [warn ] [Thread-3 (]: [[33mWARNING[0m]: Use revamped materializations based on separating create and insert.  This allows more performant column comments, as well as new column features.
You may opt into the new behavior sooner by setting `flags.use_materialization_v2` to `True` in `dbt_project.yml`.
Visit https://docs.getdbt.com/reference/global-configs/behavior-changes for more information.
[0m15:27:27.720432 [debug] [Thread-3 (]: Sending event: {'category': 'dbt', 'action': 'BehaviorChangeEvent', 'label': '6369db65-41ca-4902-90e2-c4007b8fa695', 'context': [<snowplow_tracker.self_describing_json.SelfDescribingJson object at 0x111db6150>]}
[0m15:27:27.742624 [debug] [Thread-3 (]: Writing runtime sql for node "model.dbt_test.modified_customers"
[0m15:27:27.743202 [debug] [Thread-3 (]: Using databricks connection "model.dbt_test.modified_customers"
[0m15:27:27.743406 [debug] [Thread-3 (]: On model.dbt_test.modified_customers: /* {"app": "dbt", "dbt_version": "1.11.6", "dbt_databricks_version": "1.11.5", "databricks_sql_connector_version": "4.1.3", "profile_name": "dbt_test", "target_name": "databricks", "node_id": "model.dbt_test.modified_customers"} */

  
    
        create or replace table `datapao_cns`.`dbt_test`.`modified_customers`
      
      
    using delta
  
      
      
      
      
      
      
      
      as
      select
    customer_id,
    first_name || ' ' || last_name as full_name,
    email,
    signup_date,
    'modified' as status
from `datapao_cns`.`dbt_test`.`customers`
  
[0m15:27:27.743576 [debug] [Thread-3 (]: Opening a new connection, currently in state init
[0m15:27:27.879557 [debug] [Thread-3 (]: Databricks adapter: Connection(session-id=01f11d56-6e35-184a-9fee-fefc19c258ae) - Created
[0m15:27:33.066517 [debug] [Thread-3 (]: SQL status: OK in 5.320 seconds
[0m15:27:33.068180 [debug] [Thread-3 (]: Databricks adapter: Cursor(session-id=01f11d56-6e35-184a-9fee-fefc19c258ae, command-id=01f11d56-6e3d-1d25-a1b3-438f4b4d8c6a) - Closing
[0m15:27:33.082464 [debug] [Thread-3 (]: Applying tags to relation None
[0m15:27:33.094145 [debug] [Thread-3 (]: On model.dbt_test.modified_customers: Close
[0m15:27:33.094439 [debug] [Thread-3 (]: Databricks adapter: Connection(session-id=01f11d56-6e35-184a-9fee-fefc19c258ae) - Closing
[0m15:27:33.156255 [debug] [Thread-3 (]: Sending event: {'category': 'dbt', 'action': 'run_model', 'label': '6369db65-41ca-4902-90e2-c4007b8fa695', 'context': [<snowplow_tracker.self_describing_json.SelfDescribingJson object at 0x108dd65d0>]}
[0m15:27:33.156856 [info ] [Thread-3 (]: 1 of 1 OK created sql table model dbt_test.modified_customers .................. [[32mOK[0m in 5.45s]
[0m15:27:33.157255 [debug] [Thread-3 (]: Finished running node model.dbt_test.modified_customers
[0m15:27:33.158184 [debug] [MainThread]: Databricks adapter: DatabricksDBTConnection(session-id=None, name=master) - Creating connection
[0m15:27:33.158467 [debug] [MainThread]: Acquiring new databricks connection 'master'
[0m15:27:33.158637 [info ] [MainThread]: 
[0m15:27:33.158759 [info ] [MainThread]: Finished running 1 table model in 0 hours 0 minutes and 16.36 seconds (16.36s).
[0m15:27:33.158990 [debug] [MainThread]: Command end result
[0m15:27:33.176034 [debug] [MainThread]: Wrote artifact WritableManifest to /Users/szabolcsszentes/Documents/projects/dbt_test_for_run/target/manifest.json
[0m15:27:33.177471 [debug] [MainThread]: Wrote artifact SemanticManifest to /Users/szabolcsszentes/Documents/projects/dbt_test_for_run/target/semantic_manifest.json
[0m15:27:33.180570 [debug] [MainThread]: Wrote artifact RunExecutionResult to /Users/szabolcsszentes/Documents/projects/dbt_test_for_run/target/run_results.json
[0m15:27:33.180753 [info ] [MainThread]: 
[0m15:27:33.181131 [info ] [MainThread]: [32mCompleted successfully[0m
[0m15:27:33.181320 [info ] [MainThread]: 
[0m15:27:33.181489 [info ] [MainThread]: Done. PASS=1 WARN=0 ERROR=0 SKIP=0 NO-OP=0 TOTAL=1
[0m15:27:33.184327 [debug] [MainThread]: Resource report: {"command_name": "run", "command_success": true, "command_wall_clock_time": 17.48728, "process_in_blocks": "0", "process_kernel_time": 0.30931, "process_mem_max_rss": "255410176", "process_out_blocks": "0", "process_user_time": 1.325839}
[0m15:27:33.184769 [debug] [MainThread]: Command `dbt run` succeeded at 15:27:33.184664 after 17.49 seconds
[0m15:27:33.185062 [debug] [MainThread]: Sending event: {'category': 'dbt', 'action': 'invocation', 'label': 'end', 'context': [<snowplow_tracker.self_describing_json.SelfDescribingJson object at 0x111cdb950>, <snowplow_tracker.self_describing_json.SelfDescribingJson object at 0x108df0350>, <snowplow_tracker.self_describing_json.SelfDescribingJson object at 0x109b91010>]}
[0m15:27:33.185262 [debug] [MainThread]: Flushing usage events
[0m15:27:33.715859 [debug] [MainThread]: An error was encountered while trying to flush usage events
[0m16:48:08.394436 [debug] [MainThread]: Sending event: {'category': 'dbt', 'action': 'invocation', 'label': 'start', 'context': [<snowplow_tracker.self_describing_json.SelfDescribingJson object at 0x10837c2f0>, <snowplow_tracker.self_describing_json.SelfDescribingJson object at 0x109467610>, <snowplow_tracker.self_describing_json.SelfDescribingJson object at 0x109467890>]}


============================== 16:48:08.397042 | a5e10c7a-5bb0-44fc-b09e-2a404e2abe73 ==============================
[0m16:48:08.397042 [info ] [MainThread]: Running with dbt=1.11.6
[0m16:48:08.397309 [debug] [MainThread]: running dbt with arguments {'printer_width': '80', 'warn_error': 'None', 'cache_selected_only': 'False', 'use_colors': 'True', 'log_format': 'default', 'quiet': 'False', 'partial_parse': 'True', 'log_path': '/Users/szabolcsszentes/Documents/projects/dbt_test_for_run/logs', 'no_print': 'None', 'use_experimental_parser': 'False', 'warn_error_options': 'WarnErrorOptionsV2(error=[], warn=[], silence=[])', 'empty': 'None', 'send_anonymous_usage_stats': 'True', 'indirect_selection': 'eager', 'log_cache_events': 'False', 'fail_fast': 'False', 'introspect': 'True', 'write_json': 'True', 'static_parser': 'True', 'target_path': 'None', 'invocation_command': 'dbt ls --profiles-dir . --target databricks --selector second_group_without_selected', 'version_check': 'True', 'profiles_dir': '.', 'debug': 'False'}
[0m16:48:08.782437 [debug] [MainThread]: Spark adapter: Setting pyhive.hive logging to ERROR
[0m16:48:08.782650 [debug] [MainThread]: Spark adapter: Setting thrift.transport logging to ERROR
[0m16:48:08.782755 [debug] [MainThread]: Spark adapter: Setting thrift.protocol logging to ERROR
[0m16:48:09.290702 [debug] [MainThread]: Sending event: {'category': 'dbt', 'action': 'project_id', 'label': 'a5e10c7a-5bb0-44fc-b09e-2a404e2abe73', 'context': [<snowplow_tracker.self_describing_json.SelfDescribingJson object at 0x108775480>]}
[0m16:48:09.310176 [debug] [MainThread]: Sending event: {'category': 'dbt', 'action': 'adapter_info', 'label': 'a5e10c7a-5bb0-44fc-b09e-2a404e2abe73', 'context': [<snowplow_tracker.self_describing_json.SelfDescribingJson object at 0x1111ff130>]}
[0m16:48:09.310485 [info ] [MainThread]: Registered adapter: databricks=1.11.5
[0m16:48:09.369152 [warn ] [MainThread]: [[33mWARNING[0m]: Use managed Iceberg tables when table_format is iceberg. When this flag is disabled, UniForm is used instead.
You may opt into the new behavior sooner by setting `flags.use_managed_iceberg` to `True` in `dbt_project.yml`.
Visit https://docs.getdbt.com/reference/global-configs/behavior-changes for more information.
[0m16:48:09.369539 [debug] [MainThread]: Sending event: {'category': 'dbt', 'action': 'BehaviorChangeEvent', 'label': 'a5e10c7a-5bb0-44fc-b09e-2a404e2abe73', 'context': [<snowplow_tracker.self_describing_json.SelfDescribingJson object at 0x111143b50>]}
[0m16:48:09.374889 [debug] [MainThread]: checksum: 6bff9b0fed7e2d76821166f4b272d8aa571bf0a0afe21c210d5eda6b781d3064, vars: {}, profile: , target: databricks, version: 1.11.6
[0m16:48:09.434804 [debug] [MainThread]: Partial parsing enabled: 0 files deleted, 0 files added, 0 files changed.
[0m16:48:09.435001 [debug] [MainThread]: Nothing changed, skipping partial parsing.
[0m16:48:09.435092 [debug] [MainThread]: Partial parsing enabled, no changes found, skipping parsing
[0m16:48:09.448133 [debug] [MainThread]: Sending event: {'category': 'dbt', 'action': 'load_project', 'label': 'a5e10c7a-5bb0-44fc-b09e-2a404e2abe73', 'context': [<snowplow_tracker.self_describing_json.SelfDescribingJson object at 0x1116b1a90>]}
[0m16:48:09.474605 [debug] [MainThread]: Wrote artifact WritableManifest to /Users/szabolcsszentes/Documents/projects/dbt_test_for_run/target/manifest.json
[0m16:48:09.475790 [debug] [MainThread]: Wrote artifact SemanticManifest to /Users/szabolcsszentes/Documents/projects/dbt_test_for_run/target/semantic_manifest.json
[0m16:48:09.480470 [debug] [MainThread]: Sending event: {'category': 'dbt', 'action': 'resource_counts', 'label': 'a5e10c7a-5bb0-44fc-b09e-2a404e2abe73', 'context': [<snowplow_tracker.self_describing_json.SelfDescribingJson object at 0x111446430>]}
[0m16:48:09.480645 [info ] [MainThread]: Found 3 models, 1 seed, 731 macros
[0m16:48:09.480767 [debug] [MainThread]: Sending event: {'category': 'dbt', 'action': 'runnable_timing', 'label': 'a5e10c7a-5bb0-44fc-b09e-2a404e2abe73', 'context': [<snowplow_tracker.self_describing_json.SelfDescribingJson object at 0x111802d00>]}
[0m16:48:09.481137 [info ] [MainThread]: dbt_test.second_group.modified_customers
[0m16:48:09.483275 [debug] [MainThread]: Resource report: {"command_name": "list", "command_success": true, "command_wall_clock_time": 1.1199555, "process_in_blocks": "0", "process_kernel_time": 0.283969, "process_mem_max_rss": "243597312", "process_out_blocks": "0", "process_user_time": 1.135702}
[0m16:48:09.483532 [debug] [MainThread]: Command `dbt ls` succeeded at 16:48:09.483497 after 1.12 seconds
[0m16:48:09.483676 [debug] [MainThread]: Sending event: {'category': 'dbt', 'action': 'invocation', 'label': 'end', 'context': [<snowplow_tracker.self_describing_json.SelfDescribingJson object at 0x10925fa10>, <snowplow_tracker.self_describing_json.SelfDescribingJson object at 0x1116e8f70>, <snowplow_tracker.self_describing_json.SelfDescribingJson object at 0x1116e9020>]}
[0m16:48:09.483781 [debug] [MainThread]: Flushing usage events
[0m16:48:10.069608 [debug] [MainThread]: An error was encountered while trying to flush usage events
